Timestamp,SIM,RSSI,Network,Distance
14 Aug 15:02:06,SIM1,-75 dBm,NR NSA 5G,1.0
14 Aug 15:02:08,SIM1,-75 dBm,NR NSA 5G,1.0
14 Aug 15:02:11,SIM1,-75 dBm,NR NSA 5G,1.0
14 Aug 15:02:13,SIM1,-75 dBm,NR NSA 5G,1.0
14 Aug 15:02:15,SIM1,-75 dBm,NR NSA 5G,1.0
14 Aug 15:02:18,SIM1,-75 dBm,NR NSA 5G,1.0
14 Aug 15:02:20,SIM1,-75 dBm,NR NSA 5G,1.0
14 Aug 15:02:22,SIM1,-75 dBm,NR NSA 5G,1.0
14 Aug 15:02:25,SIM1,-75 dBm,NR NSA 5G,1.0
14 Aug 15:02:27,SIM1,-75 dBm,NR NSA 5G,1.0
14 Aug 15:02:29,SIM1,-75 dBm,NR NSA 5G,1.0
14 Aug 15:02:32,SIM1,-75 dBm,NR NSA 5G,1.0
14 Aug 15:02:34,SIM1,-75 dBm,NR NSA 5G,1.0
14 Aug 15:02:36,SIM1,-75 dBm,NR NSA 5G,1.0
14 Aug 15:02:39,SIM1,-75 dBm,NR NSA 5G,1.0
14 Aug 15:02:41,SIM1,-75 dBm,NR NSA 5G,1.0
14 Aug 15:02:43,SIM1,-75 dBm,NR NSA 5G,1.0
14 Aug 15:02:46,SIM1,-75 dBm,NR NSA 5G,1.0
14 Aug 15:02:48,SIM1,-75 dBm,NR NSA 5G,1.0
14 Aug 15:02:50,SIM1,-75 dBm,NR NSA 5G,1.0
14 Aug 15:02:53,SIM1,-75 dBm,NR NSA 5G,1.0
14 Aug 15:02:55,SIM1,-75 dBm,NR NSA 5G,1.0
14 Aug 15:02:57,SIM1,-75 dBm,NR NSA 5G,1.0
14 Aug 15:03:00,SIM1,-75 dBm,NR NSA 5G,1.0
14 Aug 15:03:02,SIM1,-75 dBm,NR NSA 5G,1.0
14 Aug 15:03:04,SIM1,-75 dBm,NR NSA 5G,1.0
14 Aug 15:03:07,SIM1,-75 dBm,NR NSA 5G,1.0
14 Aug 15:03:09,SIM1,-75 dBm,NR NSA 5G,1.0
14 Aug 15:03:11,SIM1,-75 dBm,NR NSA 5G,1.0
14 Aug 15:03:14,SIM1,-75 dBm,NR NSA 5G,1.0
14 Aug 15:03:16,SIM1,-75 dBm,NR NSA 5G,1.0
14 Aug 15:03:18,SIM1,-75 dBm,NR NSA 5G,1.0
14 Aug 15:03:21,SIM1,-75 dBm,NR NSA 5G,1.0
14 Aug 15:03:23,SIM1,-75 dBm,NR NSA 5G,1.0
14 Aug 15:03:25,SIM1,-75 dBm,NR NSA 5G,1.0
14 Aug 15:03:27,SIM1,-75 dBm,NR NSA 5G,1.0
14 Aug 15:03:30,SIM1,-75 dBm,NR NSA 5G,1.0
14 Aug 15:03:32,SIM1,-75 dBm,NR NSA 5G,1.0
14 Aug 15:03:34,SIM1,-75 dBm,NR NSA 5G,1.0
14 Aug 15:03:37,SIM1,-75 dBm,NR NSA 5G,1.0
14 Aug 15:03:39,SIM1,-76 dBm,NR NSA 5G,1.0
14 Aug 15:03:41,SIM1,-75 dBm,NR NSA 5G,1.0
14 Aug 15:03:44,SIM1,-75 dBm,NR NSA 5G,1.0
14 Aug 15:03:46,SIM1,-75 dBm,NR NSA 5G,1.0
14 Aug 15:03:48,SIM1,-75 dBm,NR NSA 5G,1.0
14 Aug 15:03:51,SIM1,-75 dBm,NR NSA 5G,1.0
14 Aug 15:03:53,SIM1,-75 dBm,NR NSA 5G,1.0
14 Aug 15:03:55,SIM1,-76 dBm,NR NSA 5G,1.0
14 Aug 15:03:58,SIM1,-75 dBm,NR NSA 5G,1.0
14 Aug 15:04:00,SIM1,-75 dBm,NR NSA 5G,1.0
14 Aug 15:04:02,SIM1,-76 dBm,NR NSA 5G,1.0
14 Aug 15:04:05,SIM1,-76 dBm,NR NSA 5G,1.0
14 Aug 15:04:07,SIM1,-76 dBm,NR NSA 5G,1.0
14 Aug 15:04:09,SIM1,-75 dBm,NR NSA 5G,1.0
14 Aug 15:04:12,SIM1,-75 dBm,NR NSA 5G,1.0
14 Aug 15:04:14,SIM1,-75 dBm,NR NSA 5G,1.0
14 Aug 15:04:16,SIM1,-75 dBm,NR NSA 5G,1.0
14 Aug 15:04:19,SIM1,-75 dBm,NR NSA 5G,1.0
14 Aug 15:04:21,SIM1,-75 dBm,NR NSA 5G,1.0
14 Aug 15:04:23,SIM1,-75 dBm,NR NSA 5G,1.0
14 Aug 15:04:26,SIM1,-75 dBm,NR NSA 5G,1.0
14 Aug 15:04:28,SIM1,-75 dBm,NR NSA 5G,1.0
14 Aug 15:04:30,SIM1,-75 dBm,NR NSA 5G,1.0
14 Aug 15:04:33,SIM1,-75 dBm,NR NSA 5G,1.0
14 Aug 15:04:35,SIM1,-75 dBm,NR NSA 5G,1.0
14 Aug 15:04:37,SIM1,-75 dBm,NR NSA 5G,1.0
14 Aug 15:04:40,SIM1,-75 dBm,NR NSA 5G,1.0
14 Aug 15:04:42,SIM1,-75 dBm,NR NSA 5G,1.0
14 Aug 15:04:44,SIM1,-75 dBm,NR NSA 5G,1.0
14 Aug 15:04:47,SIM1,-75 dBm,NR NSA 5G,1.0
14 Aug 15:04:49,SIM1,-75 dBm,NR NSA 5G,1.0
14 Aug 15:04:51,SIM1,-75 dBm,NR NSA 5G,1.0
14 Aug 15:04:54,SIM1,-75 dBm,NR NSA 5G,1.0
14 Aug 15:04:56,SIM1,-75 dBm,NR NSA 5G,1.0
14 Aug 15:04:58,SIM1,-75 dBm,NR NSA 5G,1.0
14 Aug 15:05:01,SIM1,-75 dBm,NR NSA 5G,1.0
14 Aug 15:05:03,SIM1,-75 dBm,NR NSA 5G,1.0
14 Aug 15:05:05,SIM1,-75 dBm,NR NSA 5G,1.0
14 Aug 15:05:08,SIM1,-75 dBm,NR NSA 5G,1.0
14 Aug 15:05:10,SIM1,-75 dBm,NR NSA 5G,1.0
14 Aug 15:05:12,SIM1,-75 dBm,NR NSA 5G,1.0
14 Aug 15:05:15,SIM1,-75 dBm,NR NSA 5G,1.0
14 Aug 15:05:17,SIM1,-75 dBm,NR NSA 5G,1.0
14 Aug 15:05:19,SIM1,-75 dBm,NR NSA 5G,1.0
14 Aug 15:05:22,SIM1,-75 dBm,NR NSA 5G,1.0
14 Aug 15:05:24,SIM1,-75 dBm,NR NSA 5G,1.0
14 Aug 15:05:26,SIM1,-75 dBm,NR NSA 5G,1.0
14 Aug 15:05:29,SIM1,-75 dBm,NR NSA 5G,1.0
14 Aug 15:05:31,SIM1,-75 dBm,NR NSA 5G,1.0
14 Aug 15:05:33,SIM1,-75 dBm,NR NSA 5G,1.0
14 Aug 15:05:36,SIM1,-75 dBm,NR NSA 5G,1.0
14 Aug 15:05:38,SIM1,-75 dBm,NR NSA 5G,1.0
14 Aug 15:05:40,SIM1,-75 dBm,NR NSA 5G,1.0
14 Aug 15:05:43,SIM1,-75 dBm,NR NSA 5G,1.0
14 Aug 15:05:45,SIM1,-75 dBm,NR NSA 5G,1.0
14 Aug 15:05:47,SIM1,-75 dBm,NR NSA 5G,1.0
14 Aug 15:05:50,SIM1,-75 dBm,NR NSA 5G,1.0
14 Aug 15:05:52,SIM1,-75 dBm,NR NSA 5G,1.0
14 Aug 15:05:54,SIM1,-76 dBm,NR NSA 5G,1.0
14 Aug 15:05:57,SIM1,-75 dBm,NR NSA 5G,1.0
14 Aug 14:37:52,SIM1,-77 dBm,NR NSA 5G,2.0
14 Aug 14:37:54,SIM1,-75 dBm,NR NSA 5G,2.0
14 Aug 14:37:57,SIM1,-74 dBm,NR NSA 5G,2.0
14 Aug 14:37:59,SIM1,-75 dBm,NR NSA 5G,2.0
14 Aug 14:38:01,SIM1,-76 dBm,NR NSA 5G,2.0
14 Aug 14:38:04,SIM1,-76 dBm,NR NSA 5G,2.0
14 Aug 14:38:06,SIM1,-78 dBm,NR NSA 5G,2.0
14 Aug 14:38:08,SIM1,-78 dBm,NR NSA 5G,2.0
14 Aug 14:38:10,SIM1,-78 dBm,NR NSA 5G,2.0
14 Aug 14:38:13,SIM1,-78 dBm,NR NSA 5G,2.0
14 Aug 14:38:15,SIM1,-75 dBm,NR NSA 5G,2.0
14 Aug 14:38:17,SIM1,-74 dBm,NR NSA 5G,2.0
14 Aug 14:38:20,SIM1,-75 dBm,NR NSA 5G,2.0
14 Aug 14:38:22,SIM1,-75 dBm,NR NSA 5G,2.0
14 Aug 14:38:24,SIM1,-77 dBm,NR NSA 5G,2.0
14 Aug 14:38:26,SIM1,-76 dBm,NR NSA 5G,2.0
14 Aug 14:38:29,SIM1,-75 dBm,NR NSA 5G,2.0
14 Aug 14:38:31,SIM1,-75 dBm,NR NSA 5G,2.0
14 Aug 14:38:33,SIM1,-75 dBm,NR NSA 5G,2.0
14 Aug 14:38:36,SIM1,-77 dBm,NR NSA 5G,2.0
14 Aug 14:38:38,SIM1,-80 dBm,NR NSA 5G,2.0
14 Aug 14:38:40,SIM1,-82 dBm,NR NSA 5G,2.0
14 Aug 14:38:42,SIM1,-82 dBm,NR NSA 5G,2.0
14 Aug 14:38:45,SIM1,-82 dBm,NR NSA 5G,2.0
14 Aug 14:38:47,SIM1,-78 dBm,NR NSA 5G,2.0
14 Aug 14:38:49,SIM1,-76 dBm,NR NSA 5G,2.0
14 Aug 14:38:52,SIM1,-76 dBm,NR NSA 5G,2.0
14 Aug 14:38:54,SIM1,-77 dBm,NR NSA 5G,2.0
14 Aug 14:38:56,SIM1,-78 dBm,NR NSA 5G,2.0
14 Aug 14:38:58,SIM1,-79 dBm,NR NSA 5G,2.0
14 Aug 14:39:01,SIM1,-79 dBm,NR NSA 5G,2.0
14 Aug 14:39:03,SIM1,-80 dBm,NR NSA 5G,2.0
14 Aug 14:39:05,SIM1,-80 dBm,NR NSA 5G,2.0
14 Aug 14:39:08,SIM1,-79 dBm,NR NSA 5G,2.0
14 Aug 14:39:10,SIM1,-79 dBm,NR NSA 5G,2.0
14 Aug 14:39:12,SIM1,-80 dBm,NR NSA 5G,2.0
14 Aug 14:39:15,SIM1,-81 dBm,NR NSA 5G,2.0
14 Aug 14:39:17,SIM1,-78 dBm,NR NSA 5G,2.0
14 Aug 14:39:19,SIM1,-78 dBm,NR NSA 5G,2.0
14 Aug 14:39:21,SIM1,-78 dBm,NR NSA 5G,2.0
14 Aug 14:39:24,SIM1,-81 dBm,NR NSA 5G,2.0
14 Aug 14:39:26,SIM1,-80 dBm,NR NSA 5G,2.0
14 Aug 14:39:28,SIM1,-80 dBm,NR NSA 5G,2.0
14 Aug 14:39:31,SIM1,-80 dBm,NR NSA 5G,2.0
14 Aug 14:39:33,SIM1,-80 dBm,NR NSA 5G,2.0
14 Aug 14:39:35,SIM1,-81 dBm,NR NSA 5G,2.0
14 Aug 14:39:37,SIM1,-80 dBm,NR NSA 5G,2.0
14 Aug 14:39:40,SIM1,-80 dBm,NR NSA 5G,2.0
14 Aug 14:39:42,SIM1,-80 dBm,NR NSA 5G,2.0
14 Aug 14:39:44,SIM1,-79 dBm,NR NSA 5G,2.0
14 Aug 14:39:47,SIM1,-79 dBm,NR NSA 5G,2.0
14 Aug 14:39:49,SIM1,-79 dBm,NR NSA 5G,2.0
14 Aug 14:39:51,SIM1,-78 dBm,NR NSA 5G,2.0
14 Aug 14:39:53,SIM1,-78 dBm,NR NSA 5G,2.0
14 Aug 14:39:56,SIM1,-77 dBm,NR NSA 5G,2.0
14 Aug 14:39:58,SIM1,-77 dBm,NR NSA 5G,2.0
14 Aug 14:40:00,SIM1,-77 dBm,NR NSA 5G,2.0
14 Aug 14:40:03,SIM1,-81 dBm,NR NSA 5G,2.0
14 Aug 14:40:05,SIM1,-83 dBm,NR NSA 5G,2.0
14 Aug 14:40:07,SIM1,-83 dBm,NR NSA 5G,2.0
14 Aug 14:40:10,SIM1,-83 dBm,NR NSA 5G,2.0
14 Aug 14:40:12,SIM1,-84 dBm,NR NSA 5G,2.0
14 Aug 14:40:14,SIM1,-84 dBm,NR NSA 5G,2.0
14 Aug 14:40:16,SIM1,-84 dBm,NR NSA 5G,2.0
14 Aug 14:40:19,SIM1,-84 dBm,NR NSA 5G,2.0
14 Aug 14:40:21,SIM1,-84 dBm,NR NSA 5G,2.0
14 Aug 14:40:23,SIM1,-83 dBm,NR NSA 5G,2.0
14 Aug 14:40:26,SIM1,-78 dBm,NR NSA 5G,2.0
14 Aug 14:40:28,SIM1,-78 dBm,NR NSA 5G,2.0
14 Aug 14:40:30,SIM1,-73 dBm,NR NSA 5G,2.0
14 Aug 14:40:32,SIM1,-74 dBm,NR NSA 5G,2.0
14 Aug 14:40:35,SIM1,-75 dBm,NR NSA 5G,2.0
14 Aug 14:40:37,SIM1,-75 dBm,NR NSA 5G,2.0
14 Aug 14:40:42,SIM1,-75 dBm,NR NSA 5G,2.0
14 Aug 14:40:58,SIM1,-85 dBm,NR NSA 5G,2.0
14 Aug 14:41:00,SIM1,-81 dBm,NR NSA 5G,2.0
14 Aug 14:41:02,SIM1,-77 dBm,NR NSA 5G,2.0
14 Aug 14:41:05,SIM1,-76 dBm,NR NSA 5G,2.0
14 Aug 14:41:07,SIM1,-76 dBm,NR NSA 5G,2.0
14 Aug 14:41:09,SIM1,-76 dBm,NR NSA 5G,2.0
14 Aug 14:41:11,SIM1,-76 dBm,NR NSA 5G,2.0
14 Aug 14:41:14,SIM1,-77 dBm,NR NSA 5G,2.0
14 Aug 14:41:16,SIM1,-77 dBm,NR NSA 5G,2.0
14 Aug 14:41:18,SIM1,-77 dBm,NR NSA 5G,2.0
14 Aug 14:41:21,SIM1,-76 dBm,NR NSA 5G,2.0
14 Aug 14:41:23,SIM1,-76 dBm,NR NSA 5G,2.0
14 Aug 14:41:25,SIM1,-72 dBm,NR NSA 5G,2.0
14 Aug 14:41:27,SIM1,-72 dBm,NR NSA 5G,2.0
14 Aug 14:41:30,SIM1,-72 dBm,NR NSA 5G,2.0
14 Aug 14:41:32,SIM1,-72 dBm,NR NSA 5G,2.0
14 Aug 14:41:34,SIM1,-71 dBm,NR NSA 5G,2.0
14 Aug 14:41:37,SIM1,-71 dBm,NR NSA 5G,2.0
14 Aug 14:41:39,SIM1,-72 dBm,NR NSA 5G,2.0
14 Aug 14:41:41,SIM1,-74 dBm,NR NSA 5G,2.0
14 Aug 14:41:44,SIM1,-72 dBm,NR NSA 5G,2.0
14 Aug 14:41:46,SIM1,-72 dBm,NR NSA 5G,2.0
14 Aug 14:41:48,SIM1,-72 dBm,NR NSA 5G,2.0
14 Aug 14:41:50,SIM1,-74 dBm,NR NSA 5G,2.0
14 Aug 14:41:53,SIM1,-74 dBm,NR NSA 5G,2.0
14 Aug 14:41:55,SIM1,-74 dBm,NR NSA 5G,2.0
14 Aug 14:47:25,SIM1,-87 dBm,NR NSA 5G,3.0
14 Aug 14:47:27,SIM1,-87 dBm,NR NSA 5G,3.0
14 Aug 14:47:29,SIM1,-86 dBm,NR NSA 5G,3.0
14 Aug 14:47:32,SIM1,-86 dBm,NR NSA 5G,3.0
14 Aug 14:47:34,SIM1,-86 dBm,NR NSA 5G,3.0
14 Aug 14:47:36,SIM1,-87 dBm,NR NSA 5G,3.0
14 Aug 14:47:39,SIM1,-87 dBm,NR NSA 5G,3.0
14 Aug 14:47:41,SIM1,-87 dBm,NR NSA 5G,3.0
14 Aug 14:47:43,SIM1,-87 dBm,NR NSA 5G,3.0
14 Aug 14:47:45,SIM1,-87 dBm,NR NSA 5G,3.0
14 Aug 14:47:48,SIM1,-87 dBm,NR NSA 5G,3.0
14 Aug 14:47:50,SIM1,-87 dBm,NR NSA 5G,3.0
14 Aug 14:47:52,SIM1,-87 dBm,NR NSA 5G,3.0
14 Aug 14:47:55,SIM1,-86 dBm,NR NSA 5G,3.0
14 Aug 14:47:57,SIM1,-86 dBm,NR NSA 5G,3.0
14 Aug 14:47:59,SIM1,-86 dBm,NR NSA 5G,3.0
14 Aug 14:48:02,SIM1,-86 dBm,NR NSA 5G,3.0
14 Aug 14:48:04,SIM1,-86 dBm,NR NSA 5G,3.0
14 Aug 14:48:06,SIM1,-86 dBm,NR NSA 5G,3.0
14 Aug 14:48:08,SIM1,-86 dBm,NR NSA 5G,3.0
14 Aug 14:48:11,SIM1,-87 dBm,NR NSA 5G,3.0
14 Aug 14:48:13,SIM1,-87 dBm,NR NSA 5G,3.0
14 Aug 14:48:15,SIM1,-87 dBm,NR NSA 5G,3.0
14 Aug 14:48:18,SIM1,-87 dBm,NR NSA 5G,3.0
14 Aug 14:48:20,SIM1,-87 dBm,NR NSA 5G,3.0
14 Aug 14:48:22,SIM1,-87 dBm,NR NSA 5G,3.0
14 Aug 14:48:24,SIM1,-86 dBm,NR NSA 5G,3.0
14 Aug 14:48:27,SIM1,-87 dBm,NR NSA 5G,3.0
14 Aug 14:48:29,SIM1,-88 dBm,NR NSA 5G,3.0
14 Aug 14:48:31,SIM1,-88 dBm,NR NSA 5G,3.0
14 Aug 14:48:34,SIM1,-89 dBm,NR NSA 5G,3.0
14 Aug 14:48:36,SIM1,-89 dBm,NR NSA 5G,3.0
14 Aug 14:48:38,SIM1,-88 dBm,NR NSA 5G,3.0
14 Aug 14:48:40,SIM1,-88 dBm,NR NSA 5G,3.0
14 Aug 14:48:43,SIM1,-89 dBm,NR NSA 5G,3.0
14 Aug 14:48:45,SIM1,-88 dBm,NR NSA 5G,3.0
14 Aug 14:48:47,SIM1,-88 dBm,NR NSA 5G,3.0
14 Aug 14:48:50,SIM1,-88 dBm,NR NSA 5G,3.0
14 Aug 14:48:52,SIM1,-88 dBm,NR NSA 5G,3.0
14 Aug 14:48:54,SIM1,-88 dBm,NR NSA 5G,3.0
14 Aug 14:48:57,SIM1,-88 dBm,NR NSA 5G,3.0
14 Aug 14:48:59,SIM1,-88 dBm,NR NSA 5G,3.0
14 Aug 14:49:01,SIM1,-88 dBm,NR NSA 5G,3.0
14 Aug 14:49:03,SIM1,-88 dBm,NR NSA 5G,3.0
14 Aug 14:49:06,SIM1,-88 dBm,NR NSA 5G,3.0
14 Aug 14:49:08,SIM1,-88 dBm,NR NSA 5G,3.0
14 Aug 14:49:10,SIM1,-88 dBm,NR NSA 5G,3.0
14 Aug 14:49:13,SIM1,-88 dBm,NR NSA 5G,3.0
14 Aug 14:49:15,SIM1,-88 dBm,NR NSA 5G,3.0
14 Aug 14:49:17,SIM1,-88 dBm,NR NSA 5G,3.0
14 Aug 14:49:19,SIM1,-88 dBm,NR NSA 5G,3.0
14 Aug 14:49:22,SIM1,-88 dBm,NR NSA 5G,3.0
14 Aug 14:49:24,SIM1,-88 dBm,NR NSA 5G,3.0
14 Aug 14:49:26,SIM1,-89 dBm,NR NSA 5G,3.0
14 Aug 14:49:29,SIM1,-88 dBm,NR NSA 5G,3.0
14 Aug 14:49:31,SIM1,-88 dBm,NR NSA 5G,3.0
14 Aug 14:49:33,SIM1,-88 dBm,NR NSA 5G,3.0
14 Aug 14:49:36,SIM1,-89 dBm,NR NSA 5G,3.0
14 Aug 14:49:38,SIM1,-89 dBm,NR NSA 5G,3.0
14 Aug 14:49:40,SIM1,-89 dBm,NR NSA 5G,3.0
14 Aug 14:49:42,SIM1,-89 dBm,NR NSA 5G,3.0
14 Aug 14:49:45,SIM1,-89 dBm,NR NSA 5G,3.0
14 Aug 14:49:47,SIM1,-88 dBm,NR NSA 5G,3.0
14 Aug 14:49:49,SIM1,-88 dBm,NR NSA 5G,3.0
14 Aug 14:49:52,SIM1,-88 dBm,NR NSA 5G,3.0
14 Aug 14:49:54,SIM1,-88 dBm,NR NSA 5G,3.0
14 Aug 14:49:56,SIM1,-88 dBm,NR NSA 5G,3.0
14 Aug 14:49:58,SIM1,-88 dBm,NR NSA 5G,3.0
14 Aug 14:50:01,SIM1,-88 dBm,NR NSA 5G,3.0
14 Aug 14:50:03,SIM1,-89 dBm,NR NSA 5G,3.0
14 Aug 14:50:05,SIM1,-89 dBm,NR NSA 5G,3.0
14 Aug 14:50:08,SIM1,-89 dBm,NR NSA 5G,3.0
14 Aug 14:50:10,SIM1,-88 dBm,NR NSA 5G,3.0
14 Aug 14:50:12,SIM1,-88 dBm,NR NSA 5G,3.0
14 Aug 14:50:14,SIM1,-88 dBm,NR NSA 5G,3.0
14 Aug 14:50:17,SIM1,-89 dBm,NR NSA 5G,3.0
14 Aug 14:50:19,SIM1,-89 dBm,NR NSA 5G,3.0
14 Aug 14:50:21,SIM1,-89 dBm,NR NSA 5G,3.0
14 Aug 14:50:24,SIM1,-89 dBm,NR NSA 5G,3.0
14 Aug 14:50:26,SIM1,-89 dBm,NR NSA 5G,3.0
14 Aug 14:50:28,SIM1,-89 dBm,NR NSA 5G,3.0
14 Aug 14:50:31,SIM1,-89 dBm,NR NSA 5G,3.0
14 Aug 14:50:33,SIM1,-89 dBm,NR NSA 5G,3.0
14 Aug 14:50:35,SIM1,-88 dBm,NR NSA 5G,3.0
14 Aug 14:50:37,SIM1,-88 dBm,NR NSA 5G,3.0
14 Aug 14:50:40,SIM1,-89 dBm,NR NSA 5G,3.0
14 Aug 14:50:42,SIM1,-89 dBm,NR NSA 5G,3.0
14 Aug 14:50:44,SIM1,-88 dBm,NR NSA 5G,3.0
14 Aug 14:50:47,SIM1,-88 dBm,NR NSA 5G,3.0
14 Aug 14:50:49,SIM1,-88 dBm,NR NSA 5G,3.0
14 Aug 14:50:51,SIM1,-88 dBm,NR NSA 5G,3.0
14 Aug 14:50:53,SIM1,-88 dBm,NR NSA 5G,3.0
14 Aug 14:50:56,SIM1,-88 dBm,NR NSA 5G,3.0
14 Aug 14:50:58,SIM1,-88 dBm,NR NSA 5G,3.0
14 Aug 14:51:00,SIM1,-89 dBm,NR NSA 5G,3.0
14 Aug 14:51:03,SIM1,-89 dBm,NR NSA 5G,3.0
14 Aug 14:51:05,SIM1,-88 dBm,NR NSA 5G,3.0
14 Aug 14:51:07,SIM1,-88 dBm,NR NSA 5G,3.0
14 Aug 14:51:10,SIM1,-88 dBm,NR NSA 5G,3.0
14 Aug 14:51:12,SIM1,-88 dBm,NR NSA 5G,3.0
14 Aug 17:48:03,SIM1,-94 dBm,NR NSA 5G,6.0
14 Aug 17:48:06,SIM1,-95 dBm,NR NSA 5G,6.0
14 Aug 17:48:08,SIM1,-94 dBm,NR NSA 5G,6.0
14 Aug 17:48:10,SIM1,-94 dBm,NR NSA 5G,6.0
14 Aug 17:48:12,SIM1,-94 dBm,NR NSA 5G,6.0
14 Aug 17:48:15,SIM1,-94 dBm,NR NSA 5G,6.0
14 Aug 17:48:17,SIM1,-94 dBm,NR NSA 5G,6.0
14 Aug 17:48:19,SIM1,-94 dBm,NR NSA 5G,6.0
14 Aug 17:48:22,SIM1,-94 dBm,NR NSA 5G,6.0
14 Aug 17:48:24,SIM1,-94 dBm,NR NSA 5G,6.0
14 Aug 17:48:26,SIM1,-94 dBm,NR NSA 5G,6.0
14 Aug 17:48:29,SIM1,-95 dBm,NR NSA 5G,6.0
14 Aug 17:48:31,SIM1,-94 dBm,NR NSA 5G,6.0
14 Aug 17:48:33,SIM1,-94 dBm,NR NSA 5G,6.0
14 Aug 17:48:36,SIM1,-95 dBm,NR NSA 5G,6.0
14 Aug 17:48:38,SIM1,-94 dBm,NR NSA 5G,6.0
14 Aug 17:48:40,SIM1,-95 dBm,NR NSA 5G,6.0
14 Aug 17:48:43,SIM1,-95 dBm,NR NSA 5G,6.0
14 Aug 17:48:45,SIM1,-94 dBm,NR NSA 5G,6.0
14 Aug 17:48:47,SIM1,-95 dBm,NR NSA 5G,6.0
14 Aug 17:48:50,SIM1,-97 dBm,NR NSA 5G,6.0
14 Aug 17:48:52,SIM1,-97 dBm,NR NSA 5G,6.0
14 Aug 17:48:54,SIM1,-98 dBm,NR NSA 5G,6.0
14 Aug 17:48:57,SIM1,-98 dBm,NR NSA 5G,6.0
14 Aug 17:48:59,SIM1,-98 dBm,NR NSA 5G,6.0
14 Aug 17:49:01,SIM1,-98 dBm,NR NSA 5G,6.0
14 Aug 17:49:04,SIM1,-98 dBm,NR NSA 5G,6.0
14 Aug 17:49:06,SIM1,-98 dBm,NR NSA 5G,6.0
14 Aug 17:49:08,SIM1,-98 dBm,NR NSA 5G,6.0
14 Aug 17:49:11,SIM1,-98 dBm,NR NSA 5G,6.0
14 Aug 17:49:13,SIM1,-98 dBm,NR NSA 5G,6.0
14 Aug 17:49:15,SIM1,-99 dBm,NR NSA 5G,6.0
14 Aug 17:49:18,SIM1,-98 dBm,NR NSA 5G,6.0
14 Aug 17:49:20,SIM1,-99 dBm,NR NSA 5G,6.0
14 Aug 17:49:22,SIM1,-99 dBm,NR NSA 5G,6.0
14 Aug 17:49:24,SIM1,-99 dBm,NR NSA 5G,6.0
14 Aug 17:49:27,SIM1,-99 dBm,NR NSA 5G,6.0
14 Aug 17:49:29,SIM1,-99 dBm,NR NSA 5G,6.0
14 Aug 17:49:31,SIM1,-99 dBm,NR NSA 5G,6.0
14 Aug 17:49:34,SIM1,-99 dBm,NR NSA 5G,6.0
14 Aug 17:49:36,SIM1,-98 dBm,NR NSA 5G,6.0
14 Aug 17:49:38,SIM1,-98 dBm,NR NSA 5G,6.0
14 Aug 17:49:41,SIM1,-98 dBm,NR NSA 5G,6.0
14 Aug 17:49:43,SIM1,-98 dBm,NR NSA 5G,6.0
14 Aug 17:49:45,SIM1,-98 dBm,NR NSA 5G,6.0
14 Aug 17:49:48,SIM1,-98 dBm,NR NSA 5G,6.0
14 Aug 17:49:50,SIM1,-98 dBm,NR NSA 5G,6.0
14 Aug 17:49:52,SIM1,-98 dBm,NR NSA 5G,6.0
14 Aug 17:49:55,SIM1,-98 dBm,NR NSA 5G,6.0
14 Aug 17:49:57,SIM1,-98 dBm,NR NSA 5G,6.0
14 Aug 17:49:59,SIM1,-98 dBm,NR NSA 5G,6.0
14 Aug 17:50:02,SIM1,-98 dBm,NR NSA 5G,6.0
14 Aug 17:50:04,SIM1,-98 dBm,NR NSA 5G,6.0
14 Aug 17:50:06,SIM1,-99 dBm,NR NSA 5G,6.0
14 Aug 17:50:09,SIM1,-98 dBm,NR NSA 5G,6.0
14 Aug 17:50:11,SIM1,-98 dBm,NR NSA 5G,6.0
14 Aug 17:50:13,SIM1,-98 dBm,NR NSA 5G,6.0
14 Aug 17:50:16,SIM1,-98 dBm,NR NSA 5G,6.0
14 Aug 17:50:18,SIM1,-98 dBm,NR NSA 5G,6.0
14 Aug 17:50:20,SIM1,-98 dBm,NR NSA 5G,6.0
14 Aug 17:50:23,SIM1,-98 dBm,NR NSA 5G,6.0
14 Aug 17:50:25,SIM1,-98 dBm,NR NSA 5G,6.0
14 Aug 17:50:27,SIM1,-99 dBm,NR NSA 5G,6.0
14 Aug 17:50:30,SIM1,-99 dBm,NR NSA 5G,6.0
14 Aug 17:50:32,SIM1,-99 dBm,NR NSA 5G,6.0
14 Aug 17:50:34,SIM1,-99 dBm,NR NSA 5G,6.0
14 Aug 17:50:37,SIM1,-99 dBm,NR NSA 5G,6.0
14 Aug 17:50:39,SIM1,-98 dBm,NR NSA 5G,6.0
14 Aug 17:50:41,SIM1,-98 dBm,NR NSA 5G,6.0
14 Aug 17:50:44,SIM1,-99 dBm,NR NSA 5G,6.0
14 Aug 17:50:46,SIM1,-99 dBm,NR NSA 5G,6.0
14 Aug 17:50:48,SIM1,-99 dBm,NR NSA 5G,6.0
14 Aug 17:50:51,SIM1,-99 dBm,NR NSA 5G,6.0
14 Aug 17:50:53,SIM1,-99 dBm,NR NSA 5G,6.0
14 Aug 17:50:55,SIM1,-99 dBm,NR NSA 5G,6.0
14 Aug 17:50:58,SIM1,-99 dBm,NR NSA 5G,6.0
14 Aug 17:51:00,SIM1,-99 dBm,NR NSA 5G,6.0
14 Aug 17:51:02,SIM1,-98 dBm,NR NSA 5G,6.0
14 Aug 17:51:04,SIM1,-99 dBm,NR NSA 5G,6.0
14 Aug 17:51:07,SIM1,-99 dBm,NR NSA 5G,6.0
14 Aug 17:51:09,SIM1,-99 dBm,NR NSA 5G,6.0
14 Aug 17:51:12,SIM1,-98 dBm,NR NSA 5G,6.0
14 Aug 17:51:14,SIM1,-98 dBm,NR NSA 5G,6.0
14 Aug 17:51:16,SIM1,-98 dBm,NR NSA 5G,6.0
14 Aug 17:51:18,SIM1,-98 dBm,NR NSA 5G,6.0
14 Aug 17:51:21,SIM1,-98 dBm,NR NSA 5G,6.0
14 Aug 17:51:23,SIM1,-97 dBm,NR NSA 5G,6.0
14 Aug 17:51:25,SIM1,-97 dBm,NR NSA 5G,6.0
14 Aug 17:51:28,SIM1,-97 dBm,NR NSA 5G,6.0
14 Aug 17:51:30,SIM1,-97 dBm,NR NSA 5G,6.0
14 Aug 17:51:32,SIM1,-98 dBm,NR NSA 5G,6.0
14 Aug 17:51:35,SIM1,-98 dBm,NR NSA 5G,6.0
14 Aug 17:51:37,SIM1,-98 dBm,NR NSA 5G,6.0
14 Aug 17:51:39,SIM1,-98 dBm,NR NSA 5G,6.0
14 Aug 17:51:42,SIM1,-99 dBm,NR NSA 5G,6.0
14 Aug 17:51:44,SIM1,-99 dBm,NR NSA 5G,6.0
14 Aug 17:51:46,SIM1,-98 dBm,NR NSA 5G,6.0
14 Aug 17:51:49,SIM1,-98 dBm,NR NSA 5G,6.0
14 Aug 17:51:51,SIM1,-98 dBm,NR NSA 5G,6.0
14 Aug 17:51:53,SIM1,-98 dBm,NR NSA 5G,6.0
14 Aug 17:33:50,SIM1,-109 dBm,NR NSA 5G,9.0
14 Aug 17:33:52,SIM1,-108 dBm,NR NSA 5G,9.0
14 Aug 17:33:54,SIM1,-108 dBm,NR NSA 5G,9.0
14 Aug 17:33:57,SIM1,-108 dBm,NR NSA 5G,9.0
14 Aug 17:33:59,SIM1,-107 dBm,NR NSA 5G,9.0
14 Aug 17:34:01,SIM1,-108 dBm,NR NSA 5G,9.0
14 Aug 17:34:04,SIM1,-108 dBm,NR NSA 5G,9.0
14 Aug 17:34:06,SIM1,-108 dBm,NR NSA 5G,9.0
14 Aug 17:34:08,SIM1,-107 dBm,NR NSA 5G,9.0
14 Aug 17:34:10,SIM1,-107 dBm,NR NSA 5G,9.0
14 Aug 17:34:13,SIM1,-107 dBm,NR NSA 5G,9.0
14 Aug 17:34:15,SIM1,-107 dBm,NR NSA 5G,9.0
14 Aug 17:34:17,SIM1,-107 dBm,NR NSA 5G,9.0
14 Aug 17:34:20,SIM1,-107 dBm,NR NSA 5G,9.0
14 Aug 17:34:22,SIM1,-107 dBm,NR NSA 5G,9.0
14 Aug 17:34:24,SIM1,-108 dBm,NR NSA 5G,9.0
14 Aug 17:34:27,SIM1,-108 dBm,NR NSA 5G,9.0
14 Aug 17:34:29,SIM1,-109 dBm,NR NSA 5G,9.0
14 Aug 17:34:31,SIM1,-108 dBm,NR NSA 5G,9.0
14 Aug 17:34:34,SIM1,-108 dBm,NR NSA 5G,9.0
14 Aug 17:34:36,SIM1,-108 dBm,NR NSA 5G,9.0
14 Aug 17:34:38,SIM1,-109 dBm,NR NSA 5G,9.0
14 Aug 17:34:41,SIM1,-108 dBm,NR NSA 5G,9.0
14 Aug 17:34:43,SIM1,-107 dBm,NR NSA 5G,9.0
14 Aug 17:34:45,SIM1,-107 dBm,NR NSA 5G,9.0
14 Aug 17:34:48,SIM1,-107 dBm,NR NSA 5G,9.0
14 Aug 17:34:50,SIM1,-107 dBm,NR NSA 5G,9.0
14 Aug 17:34:52,SIM1,-107 dBm,NR NSA 5G,9.0
14 Aug 17:34:55,SIM1,-108 dBm,NR NSA 5G,9.0
14 Aug 17:34:57,SIM1,-108 dBm,NR NSA 5G,9.0
14 Aug 17:34:59,SIM1,-108 dBm,NR NSA 5G,9.0
14 Aug 17:35:02,SIM1,-108 dBm,NR NSA 5G,9.0
14 Aug 17:35:04,SIM1,-109 dBm,NR NSA 5G,9.0
14 Aug 17:35:06,SIM1,-109 dBm,NR NSA 5G,9.0
14 Aug 17:35:09,SIM1,-109 dBm,NR NSA 5G,9.0
14 Aug 17:35:11,SIM1,-108 dBm,NR NSA 5G,9.0
14 Aug 17:35:13,SIM1,-108 dBm,NR NSA 5G,9.0
14 Aug 17:35:15,SIM1,-108 dBm,NR NSA 5G,9.0
14 Aug 17:35:18,SIM1,-108 dBm,NR NSA 5G,9.0
14 Aug 17:35:20,SIM1,-107 dBm,NR NSA 5G,9.0
14 Aug 17:35:22,SIM1,-107 dBm,NR NSA 5G,9.0
14 Aug 17:35:25,SIM1,-107 dBm,NR NSA 5G,9.0
14 Aug 17:35:27,SIM1,-107 dBm,NR NSA 5G,9.0
14 Aug 17:35:29,SIM1,-107 dBm,NR NSA 5G,9.0
14 Aug 17:35:32,SIM1,-107 dBm,NR NSA 5G,9.0
14 Aug 17:35:34,SIM1,-107 dBm,NR NSA 5G,9.0
14 Aug 17:35:36,SIM1,-107 dBm,NR NSA 5G,9.0
14 Aug 17:35:39,SIM1,-107 dBm,NR NSA 5G,9.0
14 Aug 17:35:41,SIM1,-107 dBm,NR NSA 5G,9.0
14 Aug 17:35:43,SIM1,-107 dBm,NR NSA 5G,9.0
14 Aug 17:35:46,SIM1,-108 dBm,NR NSA 5G,9.0
14 Aug 17:35:48,SIM1,-107 dBm,NR NSA 5G,9.0
14 Aug 17:35:50,SIM1,-107 dBm,NR NSA 5G,9.0
14 Aug 17:35:53,SIM1,-107 dBm,NR NSA 5G,9.0
14 Aug 17:35:55,SIM1,-107 dBm,NR NSA 5G,9.0
14 Aug 17:35:57,SIM1,-105 dBm,NR NSA 5G,9.0
14 Aug 17:36:00,SIM1,-105 dBm,NR NSA 5G,9.0
14 Aug 17:36:02,SIM1,-105 dBm,NR NSA 5G,9.0
14 Aug 17:36:04,SIM1,-106 dBm,NR NSA 5G,9.0
14 Aug 17:36:07,SIM1,-107 dBm,NR NSA 5G,9.0
14 Aug 17:36:09,SIM1,-107 dBm,NR NSA 5G,9.0
14 Aug 17:36:11,SIM1,-107 dBm,NR NSA 5G,9.0
14 Aug 17:36:14,SIM1,-107 dBm,NR NSA 5G,9.0
14 Aug 17:36:16,SIM1,-107 dBm,NR NSA 5G,9.0
14 Aug 17:36:18,SIM1,-107 dBm,NR NSA 5G,9.0
14 Aug 17:36:21,SIM1,-107 dBm,NR NSA 5G,9.0
14 Aug 17:36:23,SIM1,-107 dBm,NR NSA 5G,9.0
14 Aug 17:36:25,SIM1,-108 dBm,NR NSA 5G,9.0
14 Aug 17:36:28,SIM1,-108 dBm,NR NSA 5G,9.0
14 Aug 17:36:30,SIM1,-106 dBm,NR NSA 5G,9.0
14 Aug 17:36:32,SIM1,-106 dBm,NR NSA 5G,9.0
14 Aug 17:36:35,SIM1,-106 dBm,NR NSA 5G,9.0
14 Aug 17:36:37,SIM1,-106 dBm,NR NSA 5G,9.0
14 Aug 17:36:39,SIM1,-107 dBm,NR NSA 5G,9.0
14 Aug 17:36:42,SIM1,-107 dBm,NR NSA 5G,9.0
14 Aug 17:36:44,SIM1,-107 dBm,NR NSA 5G,9.0
14 Aug 17:36:46,SIM1,-107 dBm,NR NSA 5G,9.0
14 Aug 17:36:49,SIM1,-107 dBm,NR NSA 5G,9.0
14 Aug 17:36:51,SIM1,-107 dBm,NR NSA 5G,9.0
14 Aug 17:36:53,SIM1,-107 dBm,NR NSA 5G,9.0
14 Aug 17:36:56,SIM1,-107 dBm,NR NSA 5G,9.0
14 Aug 17:36:58,SIM1,-107 dBm,NR NSA 5G,9.0
14 Aug 17:37:00,SIM1,-107 dBm,NR NSA 5G,9.0
14 Aug 17:37:02,SIM1,-107 dBm,NR NSA 5G,9.0
14 Aug 17:37:05,SIM1,-107 dBm,NR NSA 5G,9.0
14 Aug 17:37:07,SIM1,-106 dBm,NR NSA 5G,9.0
14 Aug 17:37:09,SIM1,-106 dBm,NR NSA 5G,9.0
14 Aug 17:37:12,SIM1,-106 dBm,NR NSA 5G,9.0
14 Aug 17:37:14,SIM1,-107 dBm,NR NSA 5G,9.0
14 Aug 17:37:17,SIM1,-107 dBm,NR NSA 5G,9.0
14 Aug 17:37:19,SIM1,-107 dBm,NR NSA 5G,9.0
14 Aug 17:37:21,SIM1,-107 dBm,NR NSA 5G,9.0
14 Aug 17:37:23,SIM1,-107 dBm,NR NSA 5G,9.0
14 Aug 17:37:26,SIM1,-107 dBm,NR NSA 5G,9.0
14 Aug 17:37:28,SIM1,-106 dBm,NR NSA 5G,9.0
14 Aug 17:37:30,SIM1,-107 dBm,NR NSA 5G,9.0
14 Aug 17:37:33,SIM1,-107 dBm,NR NSA 5G,9.0
14 Aug 17:37:35,SIM1,-107 dBm,NR NSA 5G,9.0
14 Aug 17:37:37,SIM1,-107 dBm,NR NSA 5G,9.0
14 Aug 17:37:40,SIM1,-108 dBm,NR NSA 5G,9.0
14 Aug 17:54:34,SIM1,-102 dBm,NR NSA 5G,12.0
14 Aug 17:54:36,SIM1,-102 dBm,NR NSA 5G,12.0
14 Aug 17:54:39,SIM1,-102 dBm,NR NSA 5G,12.0
14 Aug 17:54:41,SIM1,-103 dBm,NR NSA 5G,12.0
14 Aug 17:54:43,SIM1,-104 dBm,NR NSA 5G,12.0
14 Aug 17:54:46,SIM1,-104 dBm,NR NSA 5G,12.0
14 Aug 17:54:48,SIM1,-103 dBm,NR NSA 5G,12.0
14 Aug 17:54:50,SIM1,-101 dBm,NR NSA 5G,12.0
14 Aug 17:54:53,SIM1,-104 dBm,NR NSA 5G,12.0
14 Aug 17:54:55,SIM1,-104 dBm,NR NSA 5G,12.0
14 Aug 17:54:57,SIM1,-104 dBm,NR NSA 5G,12.0
14 Aug 17:55:00,SIM1,-104 dBm,NR NSA 5G,12.0
14 Aug 17:55:02,SIM1,-105 dBm,NR NSA 5G,12.0
14 Aug 17:55:04,SIM1,-105 dBm,NR NSA 5G,12.0
14 Aug 17:55:07,SIM1,-105 dBm,NR NSA 5G,12.0
14 Aug 17:55:09,SIM1,-104 dBm,NR NSA 5G,12.0
14 Aug 17:55:11,SIM1,-105 dBm,NR NSA 5G,12.0
14 Aug 17:55:14,SIM1,-105 dBm,NR NSA 5G,12.0
14 Aug 17:55:16,SIM1,-103 dBm,NR NSA 5G,12.0
14 Aug 17:55:18,SIM1,-103 dBm,NR NSA 5G,12.0
14 Aug 17:55:21,SIM1,-104 dBm,NR NSA 5G,12.0
14 Aug 17:55:23,SIM1,-104 dBm,NR NSA 5G,12.0
14 Aug 17:55:25,SIM1,-104 dBm,NR NSA 5G,12.0
14 Aug 17:55:28,SIM1,-104 dBm,NR NSA 5G,12.0
14 Aug 17:55:30,SIM1,-106 dBm,NR NSA 5G,12.0
14 Aug 17:55:32,SIM1,-107 dBm,NR NSA 5G,12.0
14 Aug 17:55:35,SIM1,-104 dBm,NR NSA 5G,12.0
14 Aug 17:55:37,SIM1,-104 dBm,NR NSA 5G,12.0
14 Aug 17:55:39,SIM1,-105 dBm,NR NSA 5G,12.0
14 Aug 17:55:42,SIM1,-106 dBm,NR NSA 5G,12.0
14 Aug 17:55:44,SIM1,-107 dBm,NR NSA 5G,12.0
14 Aug 17:55:46,SIM1,-106 dBm,NR NSA 5G,12.0
14 Aug 17:55:49,SIM1,-106 dBm,NR NSA 5G,12.0
14 Aug 17:55:51,SIM1,-105 dBm,NR NSA 5G,12.0
14 Aug 17:55:53,SIM1,-106 dBm,NR NSA 5G,12.0
14 Aug 17:55:56,SIM1,-106 dBm,NR NSA 5G,12.0
14 Aug 17:55:58,SIM1,-106 dBm,NR NSA 5G,12.0
14 Aug 17:56:00,SIM1,-106 dBm,NR NSA 5G,12.0
14 Aug 17:56:03,SIM1,-107 dBm,NR NSA 5G,12.0
14 Aug 17:56:05,SIM1,-106 dBm,NR NSA 5G,12.0
14 Aug 17:56:07,SIM1,-106 dBm,NR NSA 5G,12.0
14 Aug 17:56:10,SIM1,-106 dBm,NR NSA 5G,12.0
14 Aug 17:56:12,SIM1,-107 dBm,NR NSA 5G,12.0
14 Aug 17:56:14,SIM1,-107 dBm,NR NSA 5G,12.0
14 Aug 17:56:17,SIM1,-107 dBm,NR NSA 5G,12.0
14 Aug 17:56:19,SIM1,-107 dBm,NR NSA 5G,12.0
14 Aug 17:56:21,SIM1,-107 dBm,NR NSA 5G,12.0
14 Aug 17:56:24,SIM1,-106 dBm,NR NSA 5G,12.0
14 Aug 17:56:26,SIM1,-105 dBm,NR NSA 5G,12.0
14 Aug 17:56:28,SIM1,-104 dBm,NR NSA 5G,12.0
14 Aug 17:56:31,SIM1,-104 dBm,NR NSA 5G,12.0
14 Aug 17:56:33,SIM1,-102 dBm,NR NSA 5G,12.0
14 Aug 17:56:35,SIM1,-102 dBm,NR NSA 5G,12.0
14 Aug 17:56:38,SIM1,-102 dBm,NR NSA 5G,12.0
14 Aug 17:56:40,SIM1,-102 dBm,NR NSA 5G,12.0
14 Aug 17:56:42,SIM1,-102 dBm,NR NSA 5G,12.0
14 Aug 17:56:45,SIM1,-102 dBm,NR NSA 5G,12.0
14 Aug 17:56:47,SIM1,-102 dBm,NR NSA 5G,12.0
14 Aug 17:56:49,SIM1,-102 dBm,NR NSA 5G,12.0
14 Aug 17:56:52,SIM1,-102 dBm,NR NSA 5G,12.0
14 Aug 17:56:54,SIM1,-103 dBm,NR NSA 5G,12.0
14 Aug 17:56:56,SIM1,-104 dBm,NR NSA 5G,12.0
14 Aug 17:56:59,SIM1,-107 dBm,NR NSA 5G,12.0
14 Aug 17:57:01,SIM1,-107 dBm,NR NSA 5G,12.0
14 Aug 17:57:03,SIM1,-108 dBm,NR NSA 5G,12.0
14 Aug 17:57:06,SIM1,-107 dBm,NR NSA 5G,12.0
14 Aug 17:57:08,SIM1,-106 dBm,NR NSA 5G,12.0
14 Aug 17:57:10,SIM1,-107 dBm,NR NSA 5G,12.0
14 Aug 17:57:13,SIM1,-107 dBm,NR NSA 5G,12.0
14 Aug 17:57:15,SIM1,-107 dBm,NR NSA 5G,12.0
14 Aug 17:57:17,SIM1,-107 dBm,NR NSA 5G,12.0
14 Aug 17:57:20,SIM1,-108 dBm,NR NSA 5G,12.0
14 Aug 17:57:22,SIM1,-108 dBm,NR NSA 5G,12.0
14 Aug 17:57:24,SIM1,-109 dBm,NR NSA 5G,12.0
14 Aug 17:57:27,SIM1,-110 dBm,NR NSA 5G,12.0
14 Aug 17:57:29,SIM1,-111 dBm,NR NSA 5G,12.0
14 Aug 17:57:31,SIM1,-110 dBm,NR NSA 5G,12.0
14 Aug 17:57:33,SIM1,-110 dBm,NR NSA 5G,12.0
14 Aug 17:57:36,SIM1,-107 dBm,NR NSA 5G,12.0
14 Aug 17:57:38,SIM1,-106 dBm,NR NSA 5G,12.0
14 Aug 17:57:40,SIM1,-106 dBm,NR NSA 5G,12.0
14 Aug 17:57:43,SIM1,-106 dBm,NR NSA 5G,12.0
14 Aug 17:57:45,SIM1,-106 dBm,NR NSA 5G,12.0
14 Aug 17:57:48,SIM1,-107 dBm,NR NSA 5G,12.0
14 Aug 17:57:50,SIM1,-107 dBm,NR NSA 5G,12.0
14 Aug 17:57:52,SIM1,-107 dBm,NR NSA 5G,12.0
14 Aug 17:57:54,SIM1,-107 dBm,NR NSA 5G,12.0
14 Aug 17:57:57,SIM1,-106 dBm,NR NSA 5G,12.0
14 Aug 17:57:59,SIM1,-106 dBm,NR NSA 5G,12.0
14 Aug 17:58:01,SIM1,-106 dBm,NR NSA 5G,12.0
14 Aug 17:58:04,SIM1,-106 dBm,NR NSA 5G,12.0
14 Aug 17:58:06,SIM1,-107 dBm,NR NSA 5G,12.0
14 Aug 17:58:08,SIM1,-108 dBm,NR NSA 5G,12.0
14 Aug 17:58:11,SIM1,-107 dBm,NR NSA 5G,12.0
14 Aug 17:58:13,SIM1,-107 dBm,NR NSA 5G,12.0
14 Aug 17:58:15,SIM1,-107 dBm,NR NSA 5G,12.0
14 Aug 17:58:18,SIM1,-107 dBm,NR NSA 5G,12.0
14 Aug 17:58:20,SIM1,-107 dBm,NR NSA 5G,12.0
14 Aug 17:58:22,SIM1,-107 dBm,NR NSA 5G,12.0
14 Aug 17:58:25,SIM1,-107 dBm,NR NSA 5G,12.0
14 Aug 10:56:20,SIM1,-105 dBm,NR NSA 5G,15.0
14 Aug 10:56:22,SIM1,-105 dBm,NR NSA 5G,15.0
14 Aug 10:56:25,SIM1,-105 dBm,NR NSA 5G,15.0
14 Aug 10:56:27,SIM1,-105 dBm,NR NSA 5G,15.0
14 Aug 10:56:29,SIM1,-105 dBm,NR NSA 5G,15.0
14 Aug 10:56:32,SIM1,-105 dBm,NR NSA 5G,15.0
14 Aug 10:56:34,SIM1,-104 dBm,NR NSA 5G,15.0
14 Aug 10:56:36,SIM1,-104 dBm,NR NSA 5G,15.0
14 Aug 10:56:38,SIM1,-103 dBm,NR NSA 5G,15.0
14 Aug 10:56:41,SIM1,-103 dBm,NR NSA 5G,15.0
14 Aug 10:56:43,SIM1,-103 dBm,NR NSA 5G,15.0
14 Aug 10:56:45,SIM1,-103 dBm,NR NSA 5G,15.0
14 Aug 10:56:48,SIM1,-103 dBm,NR NSA 5G,15.0
14 Aug 10:56:50,SIM1,-103 dBm,NR NSA 5G,15.0
14 Aug 10:56:52,SIM1,-103 dBm,NR NSA 5G,15.0
14 Aug 10:56:55,SIM1,-105 dBm,NR NSA 5G,15.0
14 Aug 10:56:57,SIM1,-105 dBm,NR NSA 5G,15.0
14 Aug 10:56:59,SIM1,-105 dBm,NR NSA 5G,15.0
14 Aug 10:57:02,SIM1,-103 dBm,NR NSA 5G,15.0
14 Aug 10:57:04,SIM1,-103 dBm,NR NSA 5G,15.0
14 Aug 10:57:06,SIM1,-103 dBm,NR NSA 5G,15.0
14 Aug 10:57:09,SIM1,-104 dBm,NR NSA 5G,15.0
14 Aug 10:57:11,SIM1,-104 dBm,NR NSA 5G,15.0
14 Aug 10:57:13,SIM1,-104 dBm,NR NSA 5G,15.0
14 Aug 10:57:16,SIM1,-105 dBm,NR NSA 5G,15.0
14 Aug 10:57:18,SIM1,-105 dBm,NR NSA 5G,15.0
14 Aug 10:57:20,SIM1,-104 dBm,NR NSA 5G,15.0
14 Aug 10:57:23,SIM1,-104 dBm,NR NSA 5G,15.0
14 Aug 10:57:25,SIM1,-104 dBm,NR NSA 5G,15.0
14 Aug 10:57:27,SIM1,-104 dBm,NR NSA 5G,15.0
14 Aug 10:57:30,SIM1,-104 dBm,NR NSA 5G,15.0
14 Aug 10:57:32,SIM1,-104 dBm,NR NSA 5G,15.0
14 Aug 10:57:34,SIM1,-104 dBm,NR NSA 5G,15.0
14 Aug 10:57:37,SIM1,-104 dBm,NR NSA 5G,15.0
14 Aug 10:57:39,SIM1,-104 dBm,NR NSA 5G,15.0
14 Aug 10:57:41,SIM1,-104 dBm,NR NSA 5G,15.0
14 Aug 10:57:44,SIM1,-104 dBm,NR NSA 5G,15.0
14 Aug 10:57:46,SIM1,-104 dBm,NR NSA 5G,15.0
14 Aug 10:57:48,SIM1,-104 dBm,NR NSA 5G,15.0
14 Aug 10:57:51,SIM1,-104 dBm,NR NSA 5G,15.0
14 Aug 10:57:53,SIM1,-104 dBm,NR NSA 5G,15.0
14 Aug 10:57:55,SIM1,-104 dBm,NR NSA 5G,15.0
14 Aug 10:57:58,SIM1,-104 dBm,NR NSA 5G,15.0
14 Aug 10:58:00,SIM1,-104 dBm,NR NSA 5G,15.0
14 Aug 10:58:02,SIM1,-104 dBm,NR NSA 5G,15.0
14 Aug 10:58:05,SIM1,-104 dBm,NR NSA 5G,15.0
14 Aug 10:58:07,SIM1,-104 dBm,NR NSA 5G,15.0
14 Aug 10:58:09,SIM1,-104 dBm,NR NSA 5G,15.0
14 Aug 10:58:12,SIM1,-103 dBm,NR NSA 5G,15.0
14 Aug 10:58:14,SIM1,-103 dBm,NR NSA 5G,15.0
14 Aug 10:58:16,SIM1,-104 dBm,NR NSA 5G,15.0
14 Aug 10:58:19,SIM1,-104 dBm,NR NSA 5G,15.0
14 Aug 10:58:21,SIM1,-104 dBm,NR NSA 5G,15.0
14 Aug 10:58:23,SIM1,-104 dBm,NR NSA 5G,15.0
14 Aug 10:58:26,SIM1,-104 dBm,NR NSA 5G,15.0
14 Aug 10:58:28,SIM1,-104 dBm,NR NSA 5G,15.0
14 Aug 10:58:30,SIM1,-104 dBm,NR NSA 5G,15.0
14 Aug 10:58:33,SIM1,-104 dBm,NR NSA 5G,15.0
14 Aug 10:58:35,SIM1,-104 dBm,NR NSA 5G,15.0
14 Aug 10:58:37,SIM1,-103 dBm,NR NSA 5G,15.0
14 Aug 10:58:40,SIM1,-104 dBm,NR NSA 5G,15.0
14 Aug 10:58:42,SIM1,-104 dBm,NR NSA 5G,15.0
14 Aug 10:58:44,SIM1,-102 dBm,NR NSA 5G,15.0
14 Aug 10:58:47,SIM1,-102 dBm,NR NSA 5G,15.0
14 Aug 10:58:49,SIM1,-104 dBm,NR NSA 5G,15.0
14 Aug 10:58:51,SIM1,-104 dBm,NR NSA 5G,15.0
14 Aug 10:58:54,SIM1,-104 dBm,NR NSA 5G,15.0
14 Aug 10:58:56,SIM1,-104 dBm,NR NSA 5G,15.0
14 Aug 10:58:58,SIM1,-104 dBm,NR NSA 5G,15.0
14 Aug 10:59:01,SIM1,-103 dBm,NR NSA 5G,15.0
14 Aug 10:59:03,SIM1,-103 dBm,NR NSA 5G,15.0
14 Aug 10:59:05,SIM1,-103 dBm,NR NSA 5G,15.0
14 Aug 10:59:08,SIM1,-104 dBm,NR NSA 5G,15.0
14 Aug 10:59:10,SIM1,-104 dBm,NR NSA 5G,15.0
14 Aug 10:59:12,SIM1,-104 dBm,NR NSA 5G,15.0
14 Aug 10:59:15,SIM1,-104 dBm,NR NSA 5G,15.0
14 Aug 10:59:17,SIM1,-104 dBm,NR NSA 5G,15.0
14 Aug 10:59:19,SIM1,-104 dBm,NR NSA 5G,15.0
14 Aug 10:59:22,SIM1,-104 dBm,NR NSA 5G,15.0
14 Aug 10:59:24,SIM1,-104 dBm,NR NSA 5G,15.0
14 Aug 10:59:26,SIM1,-104 dBm,NR NSA 5G,15.0
14 Aug 10:59:29,SIM1,-104 dBm,NR NSA 5G,15.0
14 Aug 10:59:31,SIM1,-104 dBm,NR NSA 5G,15.0
14 Aug 10:59:33,SIM1,-104 dBm,NR NSA 5G,15.0
14 Aug 10:59:36,SIM1,-104 dBm,NR NSA 5G,15.0
14 Aug 10:59:38,SIM1,-103 dBm,NR NSA 5G,15.0
14 Aug 10:59:40,SIM1,-104 dBm,NR NSA 5G,15.0
14 Aug 10:59:43,SIM1,-104 dBm,NR NSA 5G,15.0
14 Aug 10:59:45,SIM1,-104 dBm,NR NSA 5G,15.0
14 Aug 10:59:47,SIM1,-104 dBm,NR NSA 5G,15.0
14 Aug 10:59:49,SIM1,-104 dBm,NR NSA 5G,15.0
14 Aug 10:59:52,SIM1,-104 dBm,NR NSA 5G,15.0
14 Aug 10:59:54,SIM1,-104 dBm,NR NSA 5G,15.0
14 Aug 10:59:57,SIM1,-104 dBm,NR NSA 5G,15.0
14 Aug 10:59:59,SIM1,-104 dBm,NR NSA 5G,15.0
14 Aug 11:00:01,SIM1,-104 dBm,NR NSA 5G,15.0
14 Aug 11:00:03,SIM1,-104 dBm,NR NSA 5G,15.0
14 Aug 11:00:06,SIM1,-104 dBm,NR NSA 5G,15.0
14 Aug 11:00:08,SIM1,-104 dBm,NR NSA 5G,15.0
14 Aug 11:00:10,SIM1,-104 dBm,NR NSA 5G,15.0
14 Aug 17:41:22,SIM1,-112 dBm,NR NSA 5G,18.0
14 Aug 17:41:24,SIM1,-112 dBm,NR NSA 5G,18.0
14 Aug 17:41:26,SIM1,-109 dBm,NR NSA 5G,18.0
14 Aug 17:41:29,SIM1,-110 dBm,NR NSA 5G,18.0
14 Aug 17:41:31,SIM1,-110 dBm,NR NSA 5G,18.0
14 Aug 17:41:33,SIM1,-109 dBm,NR NSA 5G,18.0
14 Aug 17:41:36,SIM1,-109 dBm,NR NSA 5G,18.0
14 Aug 17:41:38,SIM1,-109 dBm,NR NSA 5G,18.0
14 Aug 17:41:40,SIM1,-109 dBm,NR NSA 5G,18.0
14 Aug 17:41:43,SIM1,-108 dBm,NR NSA 5G,18.0
14 Aug 17:41:45,SIM1,-108 dBm,NR NSA 5G,18.0
14 Aug 17:41:47,SIM1,-108 dBm,NR NSA 5G,18.0
14 Aug 17:41:50,SIM1,-109 dBm,NR NSA 5G,18.0
14 Aug 17:41:52,SIM1,-109 dBm,NR NSA 5G,18.0
14 Aug 17:41:54,SIM1,-110 dBm,NR NSA 5G,18.0
14 Aug 17:41:57,SIM1,-110 dBm,NR NSA 5G,18.0
14 Aug 17:41:59,SIM1,-109 dBm,NR NSA 5G,18.0
14 Aug 17:42:01,SIM1,-109 dBm,NR NSA 5G,18.0
14 Aug 17:42:04,SIM1,-109 dBm,NR NSA 5G,18.0
14 Aug 17:42:06,SIM1,-109 dBm,NR NSA 5G,18.0
14 Aug 17:42:08,SIM1,-110 dBm,NR NSA 5G,18.0
14 Aug 17:42:11,SIM1,-109 dBm,NR NSA 5G,18.0
14 Aug 17:42:13,SIM1,-109 dBm,NR NSA 5G,18.0
14 Aug 17:42:15,SIM1,-109 dBm,NR NSA 5G,18.0
14 Aug 17:42:18,SIM1,-109 dBm,NR NSA 5G,18.0
14 Aug 17:42:20,SIM1,-109 dBm,NR NSA 5G,18.0
14 Aug 17:42:22,SIM1,-109 dBm,NR NSA 5G,18.0
14 Aug 17:42:25,SIM1,-109 dBm,NR NSA 5G,18.0
14 Aug 17:42:27,SIM1,-109 dBm,NR NSA 5G,18.0
14 Aug 17:42:29,SIM1,-109 dBm,NR NSA 5G,18.0
14 Aug 17:42:32,SIM1,-109 dBm,NR NSA 5G,18.0
14 Aug 17:42:34,SIM1,-109 dBm,NR NSA 5G,18.0
14 Aug 17:42:36,SIM1,-109 dBm,NR NSA 5G,18.0
14 Aug 17:42:39,SIM1,-109 dBm,NR NSA 5G,18.0
14 Aug 17:42:41,SIM1,-109 dBm,NR NSA 5G,18.0
14 Aug 17:42:43,SIM1,-109 dBm,NR NSA 5G,18.0
14 Aug 17:42:46,SIM1,-109 dBm,NR NSA 5G,18.0
14 Aug 17:42:48,SIM1,-109 dBm,NR NSA 5G,18.0
14 Aug 17:42:50,SIM1,-109 dBm,NR NSA 5G,18.0
14 Aug 17:42:53,SIM1,-109 dBm,NR NSA 5G,18.0
14 Aug 17:42:55,SIM1,-109 dBm,NR NSA 5G,18.0
14 Aug 17:42:57,SIM1,-109 dBm,NR NSA 5G,18.0
14 Aug 17:43:00,SIM1,-109 dBm,NR NSA 5G,18.0
14 Aug 17:43:02,SIM1,-109 dBm,NR NSA 5G,18.0
14 Aug 17:43:04,SIM1,-109 dBm,NR NSA 5G,18.0
14 Aug 17:43:07,SIM1,-109 dBm,NR NSA 5G,18.0
14 Aug 17:43:09,SIM1,-109 dBm,NR NSA 5G,18.0
14 Aug 17:43:11,SIM1,-109 dBm,NR NSA 5G,18.0
14 Aug 17:43:14,SIM1,-109 dBm,NR NSA 5G,18.0
14 Aug 17:43:16,SIM1,-109 dBm,NR NSA 5G,18.0
14 Aug 17:43:18,SIM1,-109 dBm,NR NSA 5G,18.0
14 Aug 17:43:21,SIM1,-109 dBm,NR NSA 5G,18.0
14 Aug 17:43:23,SIM1,-109 dBm,NR NSA 5G,18.0
14 Aug 17:43:25,SIM1,-109 dBm,NR NSA 5G,18.0
14 Aug 17:43:28,SIM1,-109 dBm,NR NSA 5G,18.0
14 Aug 17:43:30,SIM1,-109 dBm,NR NSA 5G,18.0
14 Aug 17:43:32,SIM1,-109 dBm,NR NSA 5G,18.0
14 Aug 17:43:35,SIM1,-109 dBm,NR NSA 5G,18.0
14 Aug 17:43:37,SIM1,-109 dBm,NR NSA 5G,18.0
14 Aug 17:43:39,SIM1,-108 dBm,NR NSA 5G,18.0
14 Aug 17:43:42,SIM1,-108 dBm,NR NSA 5G,18.0
14 Aug 17:43:44,SIM1,-108 dBm,NR NSA 5G,18.0
14 Aug 17:43:46,SIM1,-107 dBm,NR NSA 5G,18.0
14 Aug 17:43:49,SIM1,-107 dBm,NR NSA 5G,18.0
14 Aug 17:43:51,SIM1,-108 dBm,NR NSA 5G,18.0
14 Aug 17:43:53,SIM1,-108 dBm,NR NSA 5G,18.0
14 Aug 17:43:56,SIM1,-109 dBm,NR NSA 5G,18.0
14 Aug 17:43:58,SIM1,-110 dBm,NR NSA 5G,18.0
14 Aug 17:44:00,SIM1,-110 dBm,NR NSA 5G,18.0
14 Aug 17:44:03,SIM1,-110 dBm,NR NSA 5G,18.0
14 Aug 17:44:05,SIM1,-109 dBm,NR NSA 5G,18.0
14 Aug 17:44:07,SIM1,-109 dBm,NR NSA 5G,18.0
14 Aug 17:44:10,SIM1,-109 dBm,NR NSA 5G,18.0
14 Aug 17:44:12,SIM1,-109 dBm,NR NSA 5G,18.0
14 Aug 17:44:14,SIM1,-109 dBm,NR NSA 5G,18.0
14 Aug 17:44:17,SIM1,-109 dBm,NR NSA 5G,18.0
14 Aug 17:44:19,SIM1,-109 dBm,NR NSA 5G,18.0
14 Aug 17:44:21,SIM1,-109 dBm,NR NSA 5G,18.0
14 Aug 17:44:24,SIM1,-109 dBm,NR NSA 5G,18.0
14 Aug 17:44:26,SIM1,-109 dBm,NR NSA 5G,18.0
14 Aug 17:44:28,SIM1,-109 dBm,NR NSA 5G,18.0
14 Aug 17:44:31,SIM1,-109 dBm,NR NSA 5G,18.0
14 Aug 17:44:33,SIM1,-109 dBm,NR NSA 5G,18.0
14 Aug 17:44:35,SIM1,-109 dBm,NR NSA 5G,18.0
14 Aug 17:44:38,SIM1,-109 dBm,NR NSA 5G,18.0
14 Aug 17:44:40,SIM1,-109 dBm,NR NSA 5G,18.0
14 Aug 17:44:42,SIM1,-109 dBm,NR NSA 5G,18.0
14 Aug 17:44:45,SIM1,-109 dBm,NR NSA 5G,18.0
14 Aug 17:44:47,SIM1,-109 dBm,NR NSA 5G,18.0
14 Aug 17:44:49,SIM1,-109 dBm,NR NSA 5G,18.0
14 Aug 17:44:52,SIM1,-109 dBm,NR NSA 5G,18.0
14 Aug 17:44:54,SIM1,-109 dBm,NR NSA 5G,18.0
14 Aug 17:44:56,SIM1,-109 dBm,NR NSA 5G,18.0
14 Aug 17:44:59,SIM1,-109 dBm,NR NSA 5G,18.0
14 Aug 17:45:01,SIM1,-109 dBm,NR NSA 5G,18.0
14 Aug 17:45:03,SIM1,-109 dBm,NR NSA 5G,18.0
14 Aug 17:45:06,SIM1,-109 dBm,NR NSA 5G,18.0
14 Aug 17:45:08,SIM1,-109 dBm,NR NSA 5G,18.0
14 Aug 17:45:10,SIM1,-109 dBm,NR NSA 5G,18.0
14 Aug 17:45:13,SIM1,-109 dBm,NR NSA 5G,18.0
14 Aug 18:02:37,SIM1,-109 dBm,NR NSA 5G,21.0
14 Aug 18:02:39,SIM1,-109 dBm,NR NSA 5G,21.0
14 Aug 18:02:41,SIM1,-109 dBm,NR NSA 5G,21.0
14 Aug 18:02:44,SIM1,-109 dBm,NR NSA 5G,21.0
14 Aug 18:02:46,SIM1,-109 dBm,NR NSA 5G,21.0
14 Aug 18:02:48,SIM1,-109 dBm,NR NSA 5G,21.0
14 Aug 18:02:51,SIM1,-109 dBm,NR NSA 5G,21.0
14 Aug 18:02:53,SIM1,-109 dBm,NR NSA 5G,21.0
14 Aug 18:02:55,SIM1,-109 dBm,NR NSA 5G,21.0
14 Aug 18:02:58,SIM1,-109 dBm,NR NSA 5G,21.0
14 Aug 18:03:00,SIM1,-109 dBm,NR NSA 5G,21.0
14 Aug 18:03:02,SIM1,-109 dBm,NR NSA 5G,21.0
14 Aug 18:03:05,SIM1,-109 dBm,NR NSA 5G,21.0
14 Aug 18:03:07,SIM1,-109 dBm,NR NSA 5G,21.0
14 Aug 18:03:09,SIM1,-109 dBm,NR NSA 5G,21.0
14 Aug 18:03:12,SIM1,-109 dBm,NR NSA 5G,21.0
14 Aug 18:03:14,SIM1,-109 dBm,NR NSA 5G,21.0
14 Aug 18:03:16,SIM1,-109 dBm,NR NSA 5G,21.0
14 Aug 18:03:19,SIM1,-109 dBm,NR NSA 5G,21.0
14 Aug 18:03:21,SIM1,-109 dBm,NR NSA 5G,21.0
14 Aug 18:03:23,SIM1,-110 dBm,NR NSA 5G,21.0
14 Aug 18:03:26,SIM1,-112 dBm,NR NSA 5G,21.0
14 Aug 18:03:28,SIM1,-112 dBm,NR NSA 5G,21.0
14 Aug 18:03:30,SIM1,-110 dBm,NR NSA 5G,21.0
14 Aug 18:03:33,SIM1,-110 dBm,NR NSA 5G,21.0
14 Aug 18:03:35,SIM1,-110 dBm,NR NSA 5G,21.0
14 Aug 18:03:37,SIM1,-110 dBm,NR NSA 5G,21.0
14 Aug 18:03:40,SIM1,-110 dBm,NR NSA 5G,21.0
14 Aug 18:03:42,SIM1,-111 dBm,NR NSA 5G,21.0
14 Aug 18:03:44,SIM1,-110 dBm,NR NSA 5G,21.0
14 Aug 18:03:47,SIM1,-110 dBm,NR NSA 5G,21.0
14 Aug 18:03:49,SIM1,-110 dBm,NR NSA 5G,21.0
14 Aug 18:03:51,SIM1,-110 dBm,NR NSA 5G,21.0
14 Aug 18:03:54,SIM1,-108 dBm,NR NSA 5G,21.0
14 Aug 18:03:56,SIM1,-107 dBm,NR NSA 5G,21.0
14 Aug 18:03:58,SIM1,-108 dBm,NR NSA 5G,21.0
14 Aug 18:04:01,SIM1,-108 dBm,NR NSA 5G,21.0
14 Aug 18:04:03,SIM1,-108 dBm,NR NSA 5G,21.0
14 Aug 18:04:05,SIM1,-108 dBm,NR NSA 5G,21.0
14 Aug 18:04:08,SIM1,-108 dBm,NR NSA 5G,21.0
14 Aug 18:04:10,SIM1,-108 dBm,NR NSA 5G,21.0
14 Aug 18:04:12,SIM1,-108 dBm,NR NSA 5G,21.0
14 Aug 18:04:15,SIM1,-109 dBm,NR NSA 5G,21.0
14 Aug 18:04:17,SIM1,-109 dBm,NR NSA 5G,21.0
14 Aug 18:04:19,SIM1,-108 dBm,NR NSA 5G,21.0
14 Aug 18:04:22,SIM1,-108 dBm,NR NSA 5G,21.0
14 Aug 18:04:24,SIM1,-108 dBm,NR NSA 5G,21.0
14 Aug 18:04:26,SIM1,-110 dBm,NR NSA 5G,21.0
14 Aug 18:04:29,SIM1,-108 dBm,NR NSA 5G,21.0
14 Aug 18:04:31,SIM1,-108 dBm,NR NSA 5G,21.0
14 Aug 18:04:33,SIM1,-108 dBm,NR NSA 5G,21.0
14 Aug 18:04:35,SIM1,-109 dBm,NR NSA 5G,21.0
14 Aug 18:04:38,SIM1,-110 dBm,NR NSA 5G,21.0
14 Aug 18:04:40,SIM1,-110 dBm,NR NSA 5G,21.0
14 Aug 18:04:42,SIM1,-110 dBm,NR NSA 5G,21.0
14 Aug 18:04:45,SIM1,-109 dBm,NR NSA 5G,21.0
14 Aug 18:04:47,SIM1,-109 dBm,NR NSA 5G,21.0
14 Aug 18:04:49,SIM1,-110 dBm,NR NSA 5G,21.0
14 Aug 18:04:52,SIM1,-110 dBm,NR NSA 5G,21.0
14 Aug 18:04:54,SIM1,-109 dBm,NR NSA 5G,21.0
14 Aug 18:04:56,SIM1,-109 dBm,NR NSA 5G,21.0
14 Aug 18:04:59,SIM1,-110 dBm,NR NSA 5G,21.0
14 Aug 18:05:01,SIM1,-109 dBm,NR NSA 5G,21.0
14 Aug 18:05:03,SIM1,-109 dBm,NR NSA 5G,21.0
14 Aug 18:05:06,SIM1,-109 dBm,NR NSA 5G,21.0
14 Aug 18:05:08,SIM1,-109 dBm,NR NSA 5G,21.0
14 Aug 18:05:10,SIM1,-108 dBm,NR NSA 5G,21.0
14 Aug 18:05:13,SIM1,-108 dBm,NR NSA 5G,21.0
14 Aug 18:05:15,SIM1,-107 dBm,NR NSA 5G,21.0
14 Aug 18:05:17,SIM1,-108 dBm,NR NSA 5G,21.0
14 Aug 18:05:20,SIM1,-108 dBm,NR NSA 5G,21.0
14 Aug 18:05:22,SIM1,-109 dBm,NR NSA 5G,21.0
14 Aug 18:05:24,SIM1,-109 dBm,NR NSA 5G,21.0
14 Aug 18:05:27,SIM1,-109 dBm,NR NSA 5G,21.0
14 Aug 18:05:29,SIM1,-109 dBm,NR NSA 5G,21.0
14 Aug 18:05:31,SIM1,-109 dBm,NR NSA 5G,21.0
14 Aug 18:05:34,SIM1,-109 dBm,NR NSA 5G,21.0
14 Aug 18:05:36,SIM1,-109 dBm,NR NSA 5G,21.0
14 Aug 18:05:38,SIM1,-109 dBm,NR NSA 5G,21.0
14 Aug 18:05:41,SIM1,-108 dBm,NR NSA 5G,21.0
14 Aug 18:05:43,SIM1,-109 dBm,NR NSA 5G,21.0
14 Aug 18:05:45,SIM1,-109 dBm,NR NSA 5G,21.0
14 Aug 18:05:48,SIM1,-109 dBm,NR NSA 5G,21.0
14 Aug 18:05:50,SIM1,-109 dBm,NR NSA 5G,21.0
14 Aug 18:05:52,SIM1,-108 dBm,NR NSA 5G,21.0
14 Aug 18:05:55,SIM1,-108 dBm,NR NSA 5G,21.0
14 Aug 18:05:57,SIM1,-108 dBm,NR NSA 5G,21.0
14 Aug 18:05:59,SIM1,-108 dBm,NR NSA 5G,21.0
14 Aug 18:06:02,SIM1,-108 dBm,NR NSA 5G,21.0
14 Aug 18:06:04,SIM1,-109 dBm,NR NSA 5G,21.0
14 Aug 18:06:06,SIM1,-109 dBm,NR NSA 5G,21.0
14 Aug 18:06:09,SIM1,-108 dBm,NR NSA 5G,21.0
14 Aug 18:06:11,SIM1,-107 dBm,NR NSA 5G,21.0
14 Aug 18:06:13,SIM1,-107 dBm,NR NSA 5G,21.0
14 Aug 18:06:19,SIM1,-109 dBm,NR NSA 5G,21.0
14 Aug 18:06:21,SIM1,-110 dBm,NR NSA 5G,21.0
14 Aug 18:06:23,SIM1,-110 dBm,NR NSA 5G,21.0
14 Aug 18:06:38,SIM1,-112 dBm,NR NSA 5G,21.0
14 Aug 18:06:40,SIM1,-112 dBm,NR NSA 5G,21.0
14 Aug 18:06:42,SIM1,-110 dBm,NR NSA 5G,21.0