Timestamp,SIM,RSSI,Network,Distance
14 Aug 08:59:16,SIM1,-56 dBm,NR NSA 5G,1.0
14 Aug 08:59:18,SIM1,-59 dBm,NR NSA 5G,1.0
14 Aug 08:59:20,SIM1,-59 dBm,NR NSA 5G,1.0
14 Aug 08:59:23,SIM1,-59 dBm,NR NSA 5G,1.0
14 Aug 08:59:25,SIM1,-60 dBm,NR NSA 5G,1.0
14 Aug 08:59:27,SIM1,-59 dBm,NR NSA 5G,1.0
14 Aug 08:59:30,SIM1,-56 dBm,NR NSA 5G,1.0
14 Aug 08:59:32,SIM1,-56 dBm,NR NSA 5G,1.0
14 Aug 08:59:34,SIM1,-54 dBm,NR NSA 5G,1.0
14 Aug 08:59:37,SIM1,-55 dBm,NR NSA 5G,1.0
14 Aug 08:59:39,SIM1,-55 dBm,NR NSA 5G,1.0
14 Aug 08:59:41,SIM1,-56 dBm,NR NSA 5G,1.0
14 Aug 08:59:44,SIM1,-56 dBm,NR NSA 5G,1.0
14 Aug 08:59:46,SIM1,-56 dBm,NR NSA 5G,1.0
14 Aug 08:59:48,SIM1,-56 dBm,NR NSA 5G,1.0
14 Aug 08:59:51,SIM1,-56 dBm,NR NSA 5G,1.0
14 Aug 08:59:53,SIM1,-56 dBm,NR NSA 5G,1.0
14 Aug 08:59:55,SIM1,-56 dBm,NR NSA 5G,1.0
14 Aug 08:59:58,SIM1,-56 dBm,NR NSA 5G,1.0
14 Aug 09:00:00,SIM1,-55 dBm,NR NSA 5G,1.0
14 Aug 09:00:02,SIM1,-57 dBm,NR NSA 5G,1.0
14 Aug 09:00:05,SIM1,-57 dBm,NR NSA 5G,1.0
14 Aug 09:00:07,SIM1,-56 dBm,NR NSA 5G,1.0
14 Aug 09:00:09,SIM1,-56 dBm,NR NSA 5G,1.0
14 Aug 09:00:12,SIM1,-57 dBm,NR NSA 5G,1.0
14 Aug 09:00:14,SIM1,-57 dBm,NR NSA 5G,1.0
14 Aug 09:00:16,SIM1,-57 dBm,NR NSA 5G,1.0
14 Aug 09:00:19,SIM1,-56 dBm,NR NSA 5G,1.0
14 Aug 09:00:21,SIM1,-55 dBm,NR NSA 5G,1.0
14 Aug 09:00:23,SIM1,-54 dBm,NR NSA 5G,1.0
14 Aug 09:00:26,SIM1,-54 dBm,NR NSA 5G,1.0
14 Aug 09:00:28,SIM1,-55 dBm,NR NSA 5G,1.0
14 Aug 09:00:30,SIM1,-55 dBm,NR NSA 5G,1.0
14 Aug 09:00:33,SIM1,-54 dBm,NR NSA 5G,1.0
14 Aug 09:00:35,SIM1,-54 dBm,NR NSA 5G,1.0
14 Aug 09:00:37,SIM1,-54 dBm,NR NSA 5G,1.0
14 Aug 09:00:40,SIM1,-53 dBm,NR NSA 5G,1.0
14 Aug 09:00:42,SIM1,-53 dBm,NR NSA 5G,1.0
14 Aug 09:00:44,SIM1,-54 dBm,NR NSA 5G,1.0
14 Aug 09:00:47,SIM1,-54 dBm,NR NSA 5G,1.0
14 Aug 09:00:49,SIM1,-54 dBm,NR NSA 5G,1.0
14 Aug 09:00:51,SIM1,-54 dBm,NR NSA 5G,1.0
14 Aug 09:00:54,SIM1,-54 dBm,NR NSA 5G,1.0
14 Aug 09:00:56,SIM1,-54 dBm,NR NSA 5G,1.0
14 Aug 09:00:58,SIM1,-54 dBm,NR NSA 5G,1.0
14 Aug 09:01:01,SIM1,-58 dBm,NR NSA 5G,1.0
14 Aug 09:01:03,SIM1,-60 dBm,NR NSA 5G,1.0
14 Aug 09:01:05,SIM1,-58 dBm,NR NSA 5G,1.0
14 Aug 09:01:08,SIM1,-58 dBm,NR NSA 5G,1.0
14 Aug 09:01:10,SIM1,-58 dBm,NR NSA 5G,1.0
14 Aug 09:01:12,SIM1,-58 dBm,NR NSA 5G,1.0
14 Aug 09:01:15,SIM1,-56 dBm,NR NSA 5G,1.0
14 Aug 09:01:17,SIM1,-56 dBm,NR NSA 5G,1.0
14 Aug 09:01:19,SIM1,-54 dBm,NR NSA 5G,1.0
14 Aug 09:01:22,SIM1,-54 dBm,NR NSA 5G,1.0
14 Aug 09:01:24,SIM1,-54 dBm,NR NSA 5G,1.0
14 Aug 09:01:26,SIM1,-56 dBm,NR NSA 5G,1.0
14 Aug 09:01:29,SIM1,-56 dBm,NR NSA 5G,1.0
14 Aug 09:01:40,SIM1,-57 dBm,NR NSA 5G,1.0
14 Aug 09:01:42,SIM1,-57 dBm,NR NSA 5G,1.0
14 Aug 09:01:45,SIM1,-54 dBm,NR NSA 5G,1.0
14 Aug 09:01:47,SIM1,-54 dBm,NR NSA 5G,1.0
14 Aug 09:01:49,SIM1,-53 dBm,NR NSA 5G,1.0
14 Aug 09:01:51,SIM1,-55 dBm,NR NSA 5G,1.0
14 Aug 09:01:54,SIM1,-55 dBm,NR NSA 5G,1.0
14 Aug 09:01:56,SIM1,-55 dBm,NR NSA 5G,1.0
14 Aug 09:01:58,SIM1,-54 dBm,NR NSA 5G,1.0
14 Aug 09:02:01,SIM1,-54 dBm,NR NSA 5G,1.0
14 Aug 09:02:03,SIM1,-54 dBm,NR NSA 5G,1.0
14 Aug 09:02:05,SIM1,-54 dBm,NR NSA 5G,1.0
14 Aug 09:02:08,SIM1,-54 dBm,NR NSA 5G,1.0
14 Aug 09:02:10,SIM1,-54 dBm,NR NSA 5G,1.0
14 Aug 09:02:12,SIM1,-54 dBm,NR NSA 5G,1.0
14 Aug 09:02:15,SIM1,-54 dBm,NR NSA 5G,1.0
14 Aug 09:02:17,SIM1,-54 dBm,NR NSA 5G,1.0
14 Aug 09:02:19,SIM1,-55 dBm,NR NSA 5G,1.0
14 Aug 09:02:22,SIM1,-55 dBm,NR NSA 5G,1.0
14 Aug 09:02:24,SIM1,-54 dBm,NR NSA 5G,1.0
14 Aug 09:02:26,SIM1,-53 dBm,NR NSA 5G,1.0
14 Aug 09:02:29,SIM1,-53 dBm,NR NSA 5G,1.0
14 Aug 09:02:31,SIM1,-53 dBm,NR NSA 5G,1.0
14 Aug 09:02:33,SIM1,-53 dBm,NR NSA 5G,1.0
14 Aug 09:02:36,SIM1,-53 dBm,NR NSA 5G,1.0
14 Aug 09:02:38,SIM1,-53 dBm,NR NSA 5G,1.0
14 Aug 09:02:40,SIM1,-54 dBm,NR NSA 5G,1.0
14 Aug 09:02:43,SIM1,-53 dBm,NR NSA 5G,1.0
14 Aug 09:02:45,SIM1,-53 dBm,NR NSA 5G,1.0
14 Aug 09:02:47,SIM1,-53 dBm,NR NSA 5G,1.0
14 Aug 09:02:50,SIM1,-53 dBm,NR NSA 5G,1.0
14 Aug 09:02:52,SIM1,-57 dBm,NR NSA 5G,1.0
14 Aug 09:02:54,SIM1,-57 dBm,NR NSA 5G,1.0
14 Aug 09:02:57,SIM1,-55 dBm,NR NSA 5G,1.0
14 Aug 09:02:59,SIM1,-55 dBm,NR NSA 5G,1.0
14 Aug 09:03:01,SIM1,-56 dBm,NR NSA 5G,1.0
14 Aug 09:03:04,SIM1,-57 dBm,NR NSA 5G,1.0
14 Aug 09:03:06,SIM1,-57 dBm,NR NSA 5G,1.0
14 Aug 09:03:08,SIM1,-56 dBm,NR NSA 5G,1.0
14 Aug 09:03:11,SIM1,-56 dBm,NR NSA 5G,1.0
14 Aug 09:03:13,SIM1,-56 dBm,NR NSA 5G,1.0
14 Aug 09:03:15,SIM1,-56 dBm,NR NSA 5G,1.0
11 Aug 08:47:27,SIM1,-67 dBm,NR NSA 5G,2.0
11 Aug 08:47:29,SIM1,-67 dBm,NR NSA 5G,2.0
11 Aug 08:47:32,SIM1,-67 dBm,NR NSA 5G,2.0
11 Aug 08:47:34,SIM1,-67 dBm,NR NSA 5G,2.0
11 Aug 08:47:36,SIM1,-67 dBm,NR NSA 5G,2.0
11 Aug 08:47:38,SIM1,-67 dBm,NR NSA 5G,2.0
11 Aug 08:47:41,SIM1,-67 dBm,NR NSA 5G,2.0
11 Aug 08:47:43,SIM1,-67 dBm,NR NSA 5G,2.0
11 Aug 08:47:46,SIM1,-67 dBm,NR NSA 5G,2.0
11 Aug 08:47:48,SIM1,-67 dBm,NR NSA 5G,2.0
11 Aug 08:47:50,SIM1,-67 dBm,NR NSA 5G,2.0
11 Aug 08:47:52,SIM1,-67 dBm,NR NSA 5G,2.0
11 Aug 08:47:55,SIM1,-67 dBm,NR NSA 5G,2.0
11 Aug 08:47:57,SIM1,-67 dBm,NR NSA 5G,2.0
11 Aug 08:47:59,SIM1,-67 dBm,NR NSA 5G,2.0
11 Aug 08:48:02,SIM1,-67 dBm,NR NSA 5G,2.0
11 Aug 08:48:04,SIM1,-67 dBm,NR NSA 5G,2.0
11 Aug 08:48:07,SIM1,-67 dBm,NR NSA 5G,2.0
11 Aug 08:48:09,SIM1,-67 dBm,NR NSA 5G,2.0
11 Aug 08:48:11,SIM1,-67 dBm,NR NSA 5G,2.0
11 Aug 08:48:13,SIM1,-67 dBm,NR NSA 5G,2.0
11 Aug 08:48:16,SIM1,-67 dBm,NR NSA 5G,2.0
11 Aug 08:48:18,SIM1,-67 dBm,NR NSA 5G,2.0
11 Aug 08:48:20,SIM1,-67 dBm,NR NSA 5G,2.0
11 Aug 08:48:23,SIM1,-67 dBm,NR NSA 5G,2.0
11 Aug 08:48:25,SIM1,-67 dBm,NR NSA 5G,2.0
11 Aug 08:48:27,SIM1,-67 dBm,NR NSA 5G,2.0
11 Aug 08:48:30,SIM1,-67 dBm,NR NSA 5G,2.0
11 Aug 08:48:32,SIM1,-67 dBm,NR NSA 5G,2.0
11 Aug 08:48:34,SIM1,-67 dBm,NR NSA 5G,2.0
11 Aug 08:48:37,SIM1,-67 dBm,NR NSA 5G,2.0
11 Aug 08:48:39,SIM1,-67 dBm,NR NSA 5G,2.0
11 Aug 08:48:41,SIM1,-67 dBm,NR NSA 5G,2.0
11 Aug 08:48:44,SIM1,-67 dBm,NR NSA 5G,2.0
11 Aug 08:48:46,SIM1,-67 dBm,NR NSA 5G,2.0
11 Aug 08:48:48,SIM1,-67 dBm,NR NSA 5G,2.0
11 Aug 08:48:51,SIM1,-67 dBm,NR NSA 5G,2.0
11 Aug 08:48:53,SIM1,-67 dBm,NR NSA 5G,2.0
11 Aug 08:48:55,SIM1,-67 dBm,NR NSA 5G,2.0
11 Aug 08:48:58,SIM1,-67 dBm,NR NSA 5G,2.0
11 Aug 08:49:00,SIM1,-67 dBm,NR NSA 5G,2.0
11 Aug 08:49:02,SIM1,-67 dBm,NR NSA 5G,2.0
11 Aug 08:49:05,SIM1,-67 dBm,NR NSA 5G,2.0
11 Aug 08:49:07,SIM1,-67 dBm,NR NSA 5G,2.0
11 Aug 08:49:09,SIM1,-67 dBm,NR NSA 5G,2.0
11 Aug 08:49:12,SIM1,-67 dBm,NR NSA 5G,2.0
11 Aug 08:49:14,SIM1,-67 dBm,NR NSA 5G,2.0
11 Aug 08:49:16,SIM1,-67 dBm,NR NSA 5G,2.0
11 Aug 08:49:19,SIM1,-67 dBm,NR NSA 5G,2.0
11 Aug 08:49:21,SIM1,-67 dBm,NR NSA 5G,2.0
11 Aug 08:49:23,SIM1,-67 dBm,NR NSA 5G,2.0
11 Aug 08:49:26,SIM1,-67 dBm,NR NSA 5G,2.0
11 Aug 08:49:28,SIM1,-67 dBm,NR NSA 5G,2.0
11 Aug 08:49:30,SIM1,-67 dBm,NR NSA 5G,2.0
11 Aug 08:49:33,SIM1,-67 dBm,NR NSA 5G,2.0
11 Aug 08:49:35,SIM1,-67 dBm,NR NSA 5G,2.0
11 Aug 08:49:37,SIM1,-67 dBm,NR NSA 5G,2.0
11 Aug 08:49:40,SIM1,-67 dBm,NR NSA 5G,2.0
11 Aug 08:49:42,SIM1,-67 dBm,NR NSA 5G,2.0
11 Aug 08:49:44,SIM1,-67 dBm,NR NSA 5G,2.0
11 Aug 08:49:47,SIM1,-67 dBm,NR NSA 5G,2.0
11 Aug 08:49:49,SIM1,-67 dBm,NR NSA 5G,2.0
11 Aug 08:49:51,SIM1,-67 dBm,NR NSA 5G,2.0
11 Aug 08:49:54,SIM1,-67 dBm,NR NSA 5G,2.0
11 Aug 08:49:56,SIM1,-67 dBm,NR NSA 5G,2.0
11 Aug 08:49:58,SIM1,-67 dBm,NR NSA 5G,2.0
11 Aug 08:50:01,SIM1,-67 dBm,NR NSA 5G,2.0
11 Aug 08:50:03,SIM1,-67 dBm,NR NSA 5G,2.0
11 Aug 08:50:05,SIM1,-67 dBm,NR NSA 5G,2.0
11 Aug 08:50:08,SIM1,-67 dBm,NR NSA 5G,2.0
11 Aug 08:50:10,SIM1,-67 dBm,NR NSA 5G,2.0
11 Aug 08:50:12,SIM1,-67 dBm,NR NSA 5G,2.0
11 Aug 08:50:15,SIM1,-67 dBm,NR NSA 5G,2.0
11 Aug 08:50:17,SIM1,-67 dBm,NR NSA 5G,2.0
11 Aug 08:50:19,SIM1,-67 dBm,NR NSA 5G,2.0
11 Aug 08:50:22,SIM1,-67 dBm,NR NSA 5G,2.0
11 Aug 08:50:24,SIM1,-67 dBm,NR NSA 5G,2.0
11 Aug 08:50:26,SIM1,-67 dBm,NR NSA 5G,2.0
11 Aug 08:50:29,SIM1,-67 dBm,NR NSA 5G,2.0
11 Aug 08:50:31,SIM1,-67 dBm,NR NSA 5G,2.0
11 Aug 08:50:33,SIM1,-67 dBm,NR NSA 5G,2.0
11 Aug 08:50:36,SIM1,-67 dBm,NR NSA 5G,2.0
11 Aug 08:50:38,SIM1,-67 dBm,NR NSA 5G,2.0
11 Aug 08:50:40,SIM1,-67 dBm,NR NSA 5G,2.0
11 Aug 08:50:43,SIM1,-67 dBm,NR NSA 5G,2.0
11 Aug 08:50:45,SIM1,-67 dBm,NR NSA 5G,2.0
11 Aug 08:50:47,SIM1,-67 dBm,NR NSA 5G,2.0
11 Aug 08:50:50,SIM1,-67 dBm,NR NSA 5G,2.0
11 Aug 08:50:52,SIM1,-67 dBm,NR NSA 5G,2.0
11 Aug 08:50:54,SIM1,-67 dBm,NR NSA 5G,2.0
11 Aug 08:50:57,SIM1,-67 dBm,NR NSA 5G,2.0
11 Aug 08:50:59,SIM1,-67 dBm,NR NSA 5G,2.0
11 Aug 08:51:01,SIM1,-67 dBm,NR NSA 5G,2.0
11 Aug 08:51:04,SIM1,-67 dBm,NR NSA 5G,2.0
11 Aug 08:51:06,SIM1,-67 dBm,NR NSA 5G,2.0
11 Aug 08:51:08,SIM1,-67 dBm,NR NSA 5G,2.0
11 Aug 08:51:11,SIM1,-67 dBm,NR NSA 5G,2.0
11 Aug 08:51:13,SIM1,-67 dBm,NR NSA 5G,2.0
11 Aug 08:51:15,SIM1,-67 dBm,NR NSA 5G,2.0
11 Aug 08:51:18,SIM1,-67 dBm,NR NSA 5G,2.0
11 Aug 09:20:25,SIM1,-86 dBm,NR NSA 5G,3.0
11 Aug 09:20:27,SIM1,-86 dBm,NR NSA 5G,3.0
11 Aug 09:20:29,SIM1,-86 dBm,NR NSA 5G,3.0
11 Aug 09:20:32,SIM1,-86 dBm,NR NSA 5G,3.0
11 Aug 09:20:34,SIM1,-86 dBm,NR NSA 5G,3.0
11 Aug 09:20:36,SIM1,-86 dBm,NR NSA 5G,3.0
11 Aug 09:20:39,SIM1,-86 dBm,NR NSA 5G,3.0
11 Aug 09:20:41,SIM1,-86 dBm,NR NSA 5G,3.0
11 Aug 09:20:43,SIM1,-86 dBm,NR NSA 5G,3.0
11 Aug 09:20:46,SIM1,-86 dBm,NR NSA 5G,3.0
11 Aug 09:20:48,SIM1,-86 dBm,NR NSA 5G,3.0
11 Aug 09:20:50,SIM1,-86 dBm,NR NSA 5G,3.0
11 Aug 09:20:53,SIM1,-86 dBm,NR NSA 5G,3.0
11 Aug 09:20:55,SIM1,-86 dBm,NR NSA 5G,3.0
11 Aug 09:20:57,SIM1,-86 dBm,NR NSA 5G,3.0
11 Aug 09:21:00,SIM1,-86 dBm,NR NSA 5G,3.0
11 Aug 09:21:02,SIM1,-86 dBm,NR NSA 5G,3.0
11 Aug 09:21:04,SIM1,-86 dBm,NR NSA 5G,3.0
11 Aug 09:21:07,SIM1,-87 dBm,NR NSA 5G,3.0
11 Aug 09:21:09,SIM1,-86 dBm,NR NSA 5G,3.0
11 Aug 09:21:11,SIM1,-86 dBm,NR NSA 5G,3.0
11 Aug 09:21:14,SIM1,-86 dBm,NR NSA 5G,3.0
11 Aug 09:21:16,SIM1,-87 dBm,NR NSA 5G,3.0
11 Aug 09:21:18,SIM1,-86 dBm,NR NSA 5G,3.0
11 Aug 09:21:21,SIM1,-86 dBm,NR NSA 5G,3.0
11 Aug 09:21:23,SIM1,-86 dBm,NR NSA 5G,3.0
11 Aug 09:21:25,SIM1,-87 dBm,NR NSA 5G,3.0
11 Aug 09:21:28,SIM1,-86 dBm,NR NSA 5G,3.0
11 Aug 09:21:30,SIM1,-86 dBm,NR NSA 5G,3.0
11 Aug 09:21:32,SIM1,-86 dBm,NR NSA 5G,3.0
11 Aug 09:21:35,SIM1,-86 dBm,NR NSA 5G,3.0
11 Aug 09:21:37,SIM1,-86 dBm,NR NSA 5G,3.0
11 Aug 09:21:39,SIM1,-86 dBm,NR NSA 5G,3.0
11 Aug 09:21:42,SIM1,-86 dBm,NR NSA 5G,3.0
11 Aug 09:21:44,SIM1,-86 dBm,NR NSA 5G,3.0
11 Aug 09:21:46,SIM1,-86 dBm,NR NSA 5G,3.0
11 Aug 09:21:49,SIM1,-87 dBm,NR NSA 5G,3.0
11 Aug 09:21:51,SIM1,-87 dBm,NR NSA 5G,3.0
11 Aug 09:21:53,SIM1,-87 dBm,NR NSA 5G,3.0
11 Aug 09:21:56,SIM1,-87 dBm,NR NSA 5G,3.0
11 Aug 09:21:58,SIM1,-87 dBm,NR NSA 5G,3.0
11 Aug 09:22:00,SIM1,-87 dBm,NR NSA 5G,3.0
11 Aug 09:22:03,SIM1,-87 dBm,NR NSA 5G,3.0
11 Aug 09:22:05,SIM1,-87 dBm,NR NSA 5G,3.0
11 Aug 09:22:07,SIM1,-87 dBm,NR NSA 5G,3.0
11 Aug 09:22:10,SIM1,-87 dBm,NR NSA 5G,3.0
11 Aug 09:22:12,SIM1,-87 dBm,NR NSA 5G,3.0
11 Aug 09:22:14,SIM1,-87 dBm,NR NSA 5G,3.0
11 Aug 09:22:17,SIM1,-87 dBm,NR NSA 5G,3.0
11 Aug 09:22:19,SIM1,-87 dBm,NR NSA 5G,3.0
11 Aug 09:22:21,SIM1,-87 dBm,NR NSA 5G,3.0
11 Aug 09:22:24,SIM1,-87 dBm,NR NSA 5G,3.0
11 Aug 09:22:26,SIM1,-87 dBm,NR NSA 5G,3.0
11 Aug 09:22:28,SIM1,-87 dBm,NR NSA 5G,3.0
11 Aug 09:22:31,SIM1,-87 dBm,NR NSA 5G,3.0
11 Aug 09:22:33,SIM1,-87 dBm,NR NSA 5G,3.0
11 Aug 09:22:35,SIM1,-87 dBm,NR NSA 5G,3.0
11 Aug 09:22:38,SIM1,-87 dBm,NR NSA 5G,3.0
11 Aug 09:22:40,SIM1,-87 dBm,NR NSA 5G,3.0
11 Aug 09:22:42,SIM1,-86 dBm,NR NSA 5G,3.0
11 Aug 09:22:45,SIM1,-86 dBm,NR NSA 5G,3.0
11 Aug 09:22:47,SIM1,-86 dBm,NR NSA 5G,3.0
11 Aug 09:22:49,SIM1,-87 dBm,NR NSA 5G,3.0
11 Aug 09:22:51,SIM1,-87 dBm,NR NSA 5G,3.0
11 Aug 09:22:54,SIM1,-87 dBm,NR NSA 5G,3.0
11 Aug 09:22:56,SIM1,-87 dBm,NR NSA 5G,3.0
11 Aug 09:22:58,SIM1,-86 dBm,NR NSA 5G,3.0
11 Aug 09:23:01,SIM1,-86 dBm,NR NSA 5G,3.0
11 Aug 09:23:03,SIM1,-87 dBm,NR NSA 5G,3.0
11 Aug 09:23:05,SIM1,-87 dBm,NR NSA 5G,3.0
11 Aug 09:23:08,SIM1,-87 dBm,NR NSA 5G,3.0
11 Aug 09:23:10,SIM1,-87 dBm,NR NSA 5G,3.0
11 Aug 09:23:12,SIM1,-87 dBm,NR NSA 5G,3.0
11 Aug 09:23:15,SIM1,-87 dBm,NR NSA 5G,3.0
11 Aug 09:23:17,SIM1,-87 dBm,NR NSA 5G,3.0
11 Aug 09:23:19,SIM1,-87 dBm,NR NSA 5G,3.0
11 Aug 09:23:22,SIM1,-87 dBm,NR NSA 5G,3.0
11 Aug 09:23:24,SIM1,-87 dBm,NR NSA 5G,3.0
11 Aug 09:23:26,SIM1,-87 dBm,NR NSA 5G,3.0
11 Aug 09:23:29,SIM1,-87 dBm,NR NSA 5G,3.0
11 Aug 09:23:31,SIM1,-87 dBm,NR NSA 5G,3.0
11 Aug 09:23:33,SIM1,-87 dBm,NR NSA 5G,3.0
11 Aug 09:23:36,SIM1,-87 dBm,NR NSA 5G,3.0
11 Aug 09:23:38,SIM1,-87 dBm,NR NSA 5G,3.0
11 Aug 09:23:40,SIM1,-87 dBm,NR NSA 5G,3.0
11 Aug 09:23:43,SIM1,-87 dBm,NR NSA 5G,3.0
11 Aug 09:23:45,SIM1,-87 dBm,NR NSA 5G,3.0
11 Aug 09:23:47,SIM1,-87 dBm,NR NSA 5G,3.0
11 Aug 09:23:50,SIM1,-87 dBm,NR NSA 5G,3.0
11 Aug 09:23:52,SIM1,-87 dBm,NR NSA 5G,3.0
11 Aug 09:23:54,SIM1,-87 dBm,NR NSA 5G,3.0
11 Aug 09:23:57,SIM1,-87 dBm,NR NSA 5G,3.0
11 Aug 09:23:59,SIM1,-87 dBm,NR NSA 5G,3.0
11 Aug 09:24:01,SIM1,-87 dBm,NR NSA 5G,3.0
11 Aug 09:24:04,SIM1,-87 dBm,NR NSA 5G,3.0
11 Aug 09:24:06,SIM1,-87 dBm,NR NSA 5G,3.0
11 Aug 09:24:08,SIM1,-87 dBm,NR NSA 5G,3.0
11 Aug 09:24:11,SIM1,-87 dBm,NR NSA 5G,3.0
11 Aug 09:24:13,SIM1,-87 dBm,NR NSA 5G,3.0
11 Aug 09:24:15,SIM1,-87 dBm,NR NSA 5G,3.0
14 Aug 10:08:18,SIM1,-89 dBm,NR NSA 5G,6.0
14 Aug 10:08:20,SIM1,-89 dBm,NR NSA 5G,6.0
14 Aug 10:08:23,SIM1,-89 dBm,NR NSA 5G,6.0
14 Aug 10:08:25,SIM1,-89 dBm,NR NSA 5G,6.0
14 Aug 10:08:27,SIM1,-89 dBm,NR NSA 5G,6.0
14 Aug 10:08:30,SIM1,-92 dBm,NR NSA 5G,6.0
14 Aug 10:08:32,SIM1,-95 dBm,NR NSA 5G,6.0
14 Aug 10:08:34,SIM1,-93 dBm,NR NSA 5G,6.0
14 Aug 10:08:37,SIM1,-88 dBm,NR NSA 5G,6.0
14 Aug 10:08:39,SIM1,-88 dBm,NR NSA 5G,6.0
14 Aug 10:08:41,SIM1,-88 dBm,NR NSA 5G,6.0
14 Aug 10:08:44,SIM1,-88 dBm,NR NSA 5G,6.0
14 Aug 10:08:46,SIM1,-88 dBm,NR NSA 5G,6.0
14 Aug 10:08:48,SIM1,-88 dBm,NR NSA 5G,6.0
14 Aug 10:08:51,SIM1,-89 dBm,NR NSA 5G,6.0
14 Aug 10:08:53,SIM1,-89 dBm,NR NSA 5G,6.0
14 Aug 10:08:55,SIM1,-90 dBm,NR NSA 5G,6.0
14 Aug 10:08:58,SIM1,-90 dBm,NR NSA 5G,6.0
14 Aug 10:09:00,SIM1,-90 dBm,NR NSA 5G,6.0
14 Aug 10:09:02,SIM1,-90 dBm,NR NSA 5G,6.0
14 Aug 10:09:05,SIM1,-90 dBm,NR NSA 5G,6.0
14 Aug 10:09:07,SIM1,-91 dBm,NR NSA 5G,6.0
14 Aug 10:09:09,SIM1,-91 dBm,NR NSA 5G,6.0
14 Aug 10:09:12,SIM1,-90 dBm,NR NSA 5G,6.0
14 Aug 10:09:14,SIM1,-89 dBm,NR NSA 5G,6.0
14 Aug 10:09:16,SIM1,-89 dBm,NR NSA 5G,6.0
14 Aug 10:09:19,SIM1,-89 dBm,NR NSA 5G,6.0
14 Aug 10:09:21,SIM1,-89 dBm,NR NSA 5G,6.0
14 Aug 10:09:23,SIM1,-89 dBm,NR NSA 5G,6.0
14 Aug 10:09:26,SIM1,-89 dBm,NR NSA 5G,6.0
14 Aug 10:09:28,SIM1,-89 dBm,NR NSA 5G,6.0
14 Aug 10:09:30,SIM1,-89 dBm,NR NSA 5G,6.0
14 Aug 10:09:33,SIM1,-89 dBm,NR NSA 5G,6.0
14 Aug 10:09:35,SIM1,-89 dBm,NR NSA 5G,6.0
14 Aug 10:09:37,SIM1,-89 dBm,NR NSA 5G,6.0
14 Aug 10:09:40,SIM1,-89 dBm,NR NSA 5G,6.0
14 Aug 10:09:42,SIM1,-89 dBm,NR NSA 5G,6.0
14 Aug 10:09:44,SIM1,-88 dBm,NR NSA 5G,6.0
14 Aug 10:09:47,SIM1,-88 dBm,NR NSA 5G,6.0
14 Aug 10:09:49,SIM1,-89 dBm,NR NSA 5G,6.0
14 Aug 10:09:51,SIM1,-89 dBm,NR NSA 5G,6.0
14 Aug 10:09:54,SIM1,-90 dBm,NR NSA 5G,6.0
14 Aug 10:09:56,SIM1,-91 dBm,NR NSA 5G,6.0
14 Aug 10:09:58,SIM1,-92 dBm,NR NSA 5G,6.0
14 Aug 10:10:01,SIM1,-92 dBm,NR NSA 5G,6.0
14 Aug 10:10:03,SIM1,-92 dBm,NR NSA 5G,6.0
14 Aug 10:10:05,SIM1,-91 dBm,NR NSA 5G,6.0
14 Aug 10:10:08,SIM1,-92 dBm,NR NSA 5G,6.0
14 Aug 10:10:10,SIM1,-90 dBm,NR NSA 5G,6.0
14 Aug 10:10:12,SIM1,-90 dBm,NR NSA 5G,6.0
14 Aug 10:10:15,SIM1,-89 dBm,NR NSA 5G,6.0
14 Aug 10:10:17,SIM1,-89 dBm,NR NSA 5G,6.0
14 Aug 10:10:19,SIM1,-89 dBm,NR NSA 5G,6.0
14 Aug 10:10:22,SIM1,-89 dBm,NR NSA 5G,6.0
14 Aug 10:10:24,SIM1,-89 dBm,NR NSA 5G,6.0
14 Aug 10:10:26,SIM1,-89 dBm,NR NSA 5G,6.0
14 Aug 10:10:28,SIM1,-89 dBm,NR NSA 5G,6.0
14 Aug 10:10:31,SIM1,-88 dBm,NR NSA 5G,6.0
14 Aug 10:10:33,SIM1,-88 dBm,NR NSA 5G,6.0
14 Aug 10:10:35,SIM1,-88 dBm,NR NSA 5G,6.0
14 Aug 10:10:38,SIM1,-88 dBm,NR NSA 5G,6.0
14 Aug 10:10:40,SIM1,-88 dBm,NR NSA 5G,6.0
14 Aug 10:10:43,SIM1,-88 dBm,NR NSA 5G,6.0
14 Aug 10:10:45,SIM1,-89 dBm,NR NSA 5G,6.0
14 Aug 10:10:47,SIM1,-89 dBm,NR NSA 5G,6.0
14 Aug 10:10:49,SIM1,-89 dBm,NR NSA 5G,6.0
14 Aug 10:10:52,SIM1,-89 dBm,NR NSA 5G,6.0
14 Aug 10:10:54,SIM1,-89 dBm,NR NSA 5G,6.0
14 Aug 10:10:56,SIM1,-89 dBm,NR NSA 5G,6.0
14 Aug 10:10:59,SIM1,-89 dBm,NR NSA 5G,6.0
14 Aug 10:11:01,SIM1,-89 dBm,NR NSA 5G,6.0
14 Aug 10:11:03,SIM1,-89 dBm,NR NSA 5G,6.0
14 Aug 10:11:06,SIM1,-92 dBm,NR NSA 5G,6.0
14 Aug 10:11:08,SIM1,-93 dBm,NR NSA 5G,6.0
14 Aug 10:11:10,SIM1,-94 dBm,NR NSA 5G,6.0
14 Aug 10:11:13,SIM1,-93 dBm,NR NSA 5G,6.0
14 Aug 10:11:15,SIM1,-93 dBm,NR NSA 5G,6.0
14 Aug 10:11:17,SIM1,-93 dBm,NR NSA 5G,6.0
14 Aug 10:11:20,SIM1,-93 dBm,NR NSA 5G,6.0
14 Aug 10:11:22,SIM1,-91 dBm,NR NSA 5G,6.0
14 Aug 10:11:24,SIM1,-91 dBm,NR NSA 5G,6.0
14 Aug 10:11:27,SIM1,-89 dBm,NR NSA 5G,6.0
14 Aug 10:11:29,SIM1,-89 dBm,NR NSA 5G,6.0
14 Aug 10:11:31,SIM1,-90 dBm,NR NSA 5G,6.0
14 Aug 10:11:34,SIM1,-92 dBm,NR NSA 5G,6.0
14 Aug 10:11:36,SIM1,-92 dBm,NR NSA 5G,6.0
14 Aug 10:11:38,SIM1,-93 dBm,NR NSA 5G,6.0
14 Aug 10:11:41,SIM1,-95 dBm,NR NSA 5G,6.0
14 Aug 10:11:43,SIM1,-92 dBm,NR NSA 5G,6.0
14 Aug 10:11:45,SIM1,-92 dBm,NR NSA 5G,6.0
14 Aug 10:11:48,SIM1,-89 dBm,NR NSA 5G,6.0
14 Aug 10:11:50,SIM1,-89 dBm,NR NSA 5G,6.0
14 Aug 10:11:52,SIM1,-90 dBm,NR NSA 5G,6.0
14 Aug 10:11:55,SIM1,-90 dBm,NR NSA 5G,6.0
14 Aug 10:11:57,SIM1,-90 dBm,NR NSA 5G,6.0
14 Aug 10:11:59,SIM1,-90 dBm,NR NSA 5G,6.0
14 Aug 10:12:02,SIM1,-89 dBm,NR NSA 5G,6.0
14 Aug 10:12:04,SIM1,-90 dBm,NR NSA 5G,6.0
14 Aug 10:12:06,SIM1,-90 dBm,NR NSA 5G,6.0
14 Aug 10:12:09,SIM1,-90 dBm,NR NSA 5G,6.0
14 Aug 10:18:44,SIM1,-89 dBm,NR NSA 5G,9.0
14 Aug 10:18:46,SIM1,-88 dBm,NR NSA 5G,9.0
14 Aug 10:18:48,SIM1,-88 dBm,NR NSA 5G,9.0
14 Aug 10:18:51,SIM1,-89 dBm,NR NSA 5G,9.0
14 Aug 10:18:53,SIM1,-89 dBm,NR NSA 5G,9.0
14 Aug 10:18:55,SIM1,-89 dBm,NR NSA 5G,9.0
14 Aug 10:18:58,SIM1,-89 dBm,NR NSA 5G,9.0
14 Aug 10:19:00,SIM1,-89 dBm,NR NSA 5G,9.0
14 Aug 10:19:02,SIM1,-89 dBm,NR NSA 5G,9.0
14 Aug 10:19:05,SIM1,-89 dBm,NR NSA 5G,9.0
14 Aug 10:19:07,SIM1,-89 dBm,NR NSA 5G,9.0
14 Aug 10:19:09,SIM1,-89 dBm,NR NSA 5G,9.0
14 Aug 10:19:12,SIM1,-89 dBm,NR NSA 5G,9.0
14 Aug 10:19:14,SIM1,-89 dBm,NR NSA 5G,9.0
14 Aug 10:19:16,SIM1,-89 dBm,NR NSA 5G,9.0
14 Aug 10:19:19,SIM1,-89 dBm,NR NSA 5G,9.0
14 Aug 10:19:21,SIM1,-89 dBm,NR NSA 5G,9.0
14 Aug 10:19:23,SIM1,-89 dBm,NR NSA 5G,9.0
14 Aug 10:19:26,SIM1,-89 dBm,NR NSA 5G,9.0
14 Aug 10:19:28,SIM1,-89 dBm,NR NSA 5G,9.0
14 Aug 10:19:30,SIM1,-89 dBm,NR NSA 5G,9.0
14 Aug 10:19:33,SIM1,-89 dBm,NR NSA 5G,9.0
14 Aug 10:19:35,SIM1,-89 dBm,NR NSA 5G,9.0
14 Aug 10:19:37,SIM1,-89 dBm,NR NSA 5G,9.0
14 Aug 10:19:40,SIM1,-89 dBm,NR NSA 5G,9.0
14 Aug 10:19:42,SIM1,-89 dBm,NR NSA 5G,9.0
14 Aug 10:19:44,SIM1,-89 dBm,NR NSA 5G,9.0
14 Aug 10:19:47,SIM1,-88 dBm,NR NSA 5G,9.0
14 Aug 10:19:49,SIM1,-88 dBm,NR NSA 5G,9.0
14 Aug 10:19:51,SIM1,-88 dBm,NR NSA 5G,9.0
14 Aug 10:19:53,SIM1,-88 dBm,NR NSA 5G,9.0
14 Aug 10:19:56,SIM1,-89 dBm,NR NSA 5G,9.0
14 Aug 10:19:58,SIM1,-89 dBm,NR NSA 5G,9.0
14 Aug 10:20:01,SIM1,-89 dBm,NR NSA 5G,9.0
14 Aug 10:20:03,SIM1,-89 dBm,NR NSA 5G,9.0
14 Aug 10:20:05,SIM1,-89 dBm,NR NSA 5G,9.0
14 Aug 10:20:07,SIM1,-89 dBm,NR NSA 5G,9.0
14 Aug 10:20:10,SIM1,-89 dBm,NR NSA 5G,9.0
14 Aug 10:20:12,SIM1,-89 dBm,NR NSA 5G,9.0
14 Aug 10:20:14,SIM1,-89 dBm,NR NSA 5G,9.0
14 Aug 10:20:17,SIM1,-89 dBm,NR NSA 5G,9.0
14 Aug 10:20:19,SIM1,-89 dBm,NR NSA 5G,9.0
14 Aug 10:20:21,SIM1,-89 dBm,NR NSA 5G,9.0
14 Aug 10:20:24,SIM1,-89 dBm,NR NSA 5G,9.0
14 Aug 10:20:26,SIM1,-89 dBm,NR NSA 5G,9.0
14 Aug 10:20:28,SIM1,-89 dBm,NR NSA 5G,9.0
14 Aug 10:20:31,SIM1,-89 dBm,NR NSA 5G,9.0
14 Aug 10:20:33,SIM1,-89 dBm,NR NSA 5G,9.0
14 Aug 10:20:35,SIM1,-89 dBm,NR NSA 5G,9.0
14 Aug 10:20:38,SIM1,-89 dBm,NR NSA 5G,9.0
14 Aug 10:20:40,SIM1,-89 dBm,NR NSA 5G,9.0
14 Aug 10:20:42,SIM1,-89 dBm,NR NSA 5G,9.0
14 Aug 10:20:45,SIM1,-89 dBm,NR NSA 5G,9.0
14 Aug 10:20:47,SIM1,-89 dBm,NR NSA 5G,9.0
14 Aug 10:20:49,SIM1,-89 dBm,NR NSA 5G,9.0
14 Aug 10:20:52,SIM1,-89 dBm,NR NSA 5G,9.0
14 Aug 10:20:54,SIM1,-89 dBm,NR NSA 5G,9.0
14 Aug 10:20:56,SIM1,-89 dBm,NR NSA 5G,9.0
14 Aug 10:20:59,SIM1,-89 dBm,NR NSA 5G,9.0
14 Aug 10:21:01,SIM1,-89 dBm,NR NSA 5G,9.0
14 Aug 10:21:03,SIM1,-89 dBm,NR NSA 5G,9.0
14 Aug 10:21:06,SIM1,-89 dBm,NR NSA 5G,9.0
14 Aug 10:21:08,SIM1,-89 dBm,NR NSA 5G,9.0
14 Aug 10:21:10,SIM1,-89 dBm,NR NSA 5G,9.0
14 Aug 10:21:13,SIM1,-89 dBm,NR NSA 5G,9.0
14 Aug 10:21:15,SIM1,-89 dBm,NR NSA 5G,9.0
14 Aug 10:21:17,SIM1,-89 dBm,NR NSA 5G,9.0
14 Aug 10:21:20,SIM1,-89 dBm,NR NSA 5G,9.0
14 Aug 10:21:22,SIM1,-89 dBm,NR NSA 5G,9.0
14 Aug 10:21:24,SIM1,-89 dBm,NR NSA 5G,9.0
14 Aug 10:21:27,SIM1,-89 dBm,NR NSA 5G,9.0
14 Aug 10:21:29,SIM1,-89 dBm,NR NSA 5G,9.0
14 Aug 10:21:31,SIM1,-89 dBm,NR NSA 5G,9.0
14 Aug 10:21:34,SIM1,-89 dBm,NR NSA 5G,9.0
14 Aug 10:21:36,SIM1,-89 dBm,NR NSA 5G,9.0
14 Aug 10:21:38,SIM1,-89 dBm,NR NSA 5G,9.0
14 Aug 10:21:41,SIM1,-89 dBm,NR NSA 5G,9.0
14 Aug 10:21:43,SIM1,-89 dBm,NR NSA 5G,9.0
14 Aug 10:21:45,SIM1,-89 dBm,NR NSA 5G,9.0
14 Aug 10:21:48,SIM1,-88 dBm,NR NSA 5G,9.0
14 Aug 10:21:50,SIM1,-88 dBm,NR NSA 5G,9.0
14 Aug 10:21:52,SIM1,-89 dBm,NR NSA 5G,9.0
14 Aug 10:21:55,SIM1,-88 dBm,NR NSA 5G,9.0
14 Aug 10:21:57,SIM1,-88 dBm,NR NSA 5G,9.0
14 Aug 10:21:59,SIM1,-88 dBm,NR NSA 5G,9.0
14 Aug 10:22:02,SIM1,-89 dBm,NR NSA 5G,9.0
14 Aug 10:22:04,SIM1,-89 dBm,NR NSA 5G,9.0
14 Aug 10:22:06,SIM1,-89 dBm,NR NSA 5G,9.0
14 Aug 10:22:09,SIM1,-89 dBm,NR NSA 5G,9.0
14 Aug 10:22:11,SIM1,-89 dBm,NR NSA 5G,9.0
14 Aug 10:22:13,SIM1,-89 dBm,NR NSA 5G,9.0
14 Aug 10:22:16,SIM1,-88 dBm,NR NSA 5G,9.0
14 Aug 10:22:18,SIM1,-88 dBm,NR NSA 5G,9.0
14 Aug 10:22:20,SIM1,-88 dBm,NR NSA 5G,9.0
14 Aug 10:22:23,SIM1,-88 dBm,NR NSA 5G,9.0
14 Aug 10:22:25,SIM1,-89 dBm,NR NSA 5G,9.0
14 Aug 10:22:27,SIM1,-89 dBm,NR NSA 5G,9.0
14 Aug 10:22:30,SIM1,-88 dBm,NR NSA 5G,9.0
14 Aug 10:22:32,SIM1,-87 dBm,NR NSA 5G,9.0
14 Aug 10:22:34,SIM1,-87 dBm,NR NSA 5G,9.0
14 Aug 10:26:27,SIM1,-91 dBm,NR NSA 5G,12.0
14 Aug 10:26:29,SIM1,-91 dBm,NR NSA 5G,12.0
14 Aug 10:26:31,SIM1,-91 dBm,NR NSA 5G,12.0
14 Aug 10:26:34,SIM1,-92 dBm,NR NSA 5G,12.0
14 Aug 10:26:36,SIM1,-92 dBm,NR NSA 5G,12.0
14 Aug 10:26:38,SIM1,-91 dBm,NR NSA 5G,12.0
14 Aug 10:26:41,SIM1,-91 dBm,NR NSA 5G,12.0
14 Aug 10:26:43,SIM1,-92 dBm,NR NSA 5G,12.0
14 Aug 10:26:45,SIM1,-92 dBm,NR NSA 5G,12.0
14 Aug 10:26:48,SIM1,-91 dBm,NR NSA 5G,12.0
14 Aug 10:26:50,SIM1,-91 dBm,NR NSA 5G,12.0
14 Aug 10:26:52,SIM1,-92 dBm,NR NSA 5G,12.0
14 Aug 10:26:55,SIM1,-92 dBm,NR NSA 5G,12.0
14 Aug 10:26:57,SIM1,-92 dBm,NR NSA 5G,12.0
14 Aug 10:26:59,SIM1,-91 dBm,NR NSA 5G,12.0
14 Aug 10:27:02,SIM1,-91 dBm,NR NSA 5G,12.0
14 Aug 10:27:04,SIM1,-91 dBm,NR NSA 5G,12.0
14 Aug 10:27:06,SIM1,-91 dBm,NR NSA 5G,12.0
14 Aug 10:27:09,SIM1,-92 dBm,NR NSA 5G,12.0
14 Aug 10:27:11,SIM1,-92 dBm,NR NSA 5G,12.0
14 Aug 10:27:13,SIM1,-92 dBm,NR NSA 5G,12.0
14 Aug 10:27:16,SIM1,-92 dBm,NR NSA 5G,12.0
14 Aug 10:27:18,SIM1,-92 dBm,NR NSA 5G,12.0
14 Aug 10:27:20,SIM1,-92 dBm,NR NSA 5G,12.0
14 Aug 10:27:23,SIM1,-91 dBm,NR NSA 5G,12.0
14 Aug 10:27:25,SIM1,-90 dBm,NR NSA 5G,12.0
14 Aug 10:27:27,SIM1,-90 dBm,NR NSA 5G,12.0
14 Aug 10:27:30,SIM1,-91 dBm,NR NSA 5G,12.0
14 Aug 10:27:32,SIM1,-90 dBm,NR NSA 5G,12.0
14 Aug 10:27:34,SIM1,-91 dBm,NR NSA 5G,12.0
14 Aug 10:27:37,SIM1,-92 dBm,NR NSA 5G,12.0
14 Aug 10:27:39,SIM1,-92 dBm,NR NSA 5G,12.0
14 Aug 10:27:41,SIM1,-92 dBm,NR NSA 5G,12.0
14 Aug 10:27:44,SIM1,-91 dBm,NR NSA 5G,12.0
14 Aug 10:27:46,SIM1,-91 dBm,NR NSA 5G,12.0
14 Aug 10:27:48,SIM1,-91 dBm,NR NSA 5G,12.0
14 Aug 10:27:50,SIM1,-91 dBm,NR NSA 5G,12.0
14 Aug 10:27:53,SIM1,-92 dBm,NR NSA 5G,12.0
14 Aug 10:27:55,SIM1,-92 dBm,NR NSA 5G,12.0
14 Aug 10:27:57,SIM1,-92 dBm,NR NSA 5G,12.0
14 Aug 10:28:00,SIM1,-92 dBm,NR NSA 5G,12.0
14 Aug 10:28:02,SIM1,-91 dBm,NR NSA 5G,12.0
14 Aug 10:28:04,SIM1,-91 dBm,NR NSA 5G,12.0
14 Aug 10:28:07,SIM1,-92 dBm,NR NSA 5G,12.0
14 Aug 10:28:09,SIM1,-92 dBm,NR NSA 5G,12.0
14 Aug 10:28:11,SIM1,-91 dBm,NR NSA 5G,12.0
14 Aug 10:28:14,SIM1,-91 dBm,NR NSA 5G,12.0
14 Aug 10:28:16,SIM1,-91 dBm,NR NSA 5G,12.0
14 Aug 10:28:18,SIM1,-91 dBm,NR NSA 5G,12.0
14 Aug 10:28:21,SIM1,-91 dBm,NR NSA 5G,12.0
14 Aug 10:28:23,SIM1,-91 dBm,NR NSA 5G,12.0
14 Aug 10:28:25,SIM1,-91 dBm,NR NSA 5G,12.0
14 Aug 10:28:28,SIM1,-91 dBm,NR NSA 5G,12.0
14 Aug 10:28:30,SIM1,-91 dBm,NR NSA 5G,12.0
14 Aug 10:28:32,SIM1,-90 dBm,NR NSA 5G,12.0
14 Aug 10:28:35,SIM1,-91 dBm,NR NSA 5G,12.0
14 Aug 10:28:37,SIM1,-92 dBm,NR NSA 5G,12.0
14 Aug 10:28:39,SIM1,-92 dBm,NR NSA 5G,12.0
14 Aug 10:28:42,SIM1,-92 dBm,NR NSA 5G,12.0
14 Aug 10:28:44,SIM1,-91 dBm,NR NSA 5G,12.0
14 Aug 10:28:46,SIM1,-91 dBm,NR NSA 5G,12.0
14 Aug 10:28:49,SIM1,-91 dBm,NR NSA 5G,12.0
14 Aug 10:28:51,SIM1,-91 dBm,NR NSA 5G,12.0
14 Aug 10:28:53,SIM1,-91 dBm,NR NSA 5G,12.0
14 Aug 10:28:56,SIM1,-91 dBm,NR NSA 5G,12.0
14 Aug 10:28:58,SIM1,-91 dBm,NR NSA 5G,12.0
14 Aug 10:29:00,SIM1,-91 dBm,NR NSA 5G,12.0
14 Aug 10:29:03,SIM1,-91 dBm,NR NSA 5G,12.0
14 Aug 10:29:05,SIM1,-91 dBm,NR NSA 5G,12.0
14 Aug 10:29:07,SIM1,-91 dBm,NR NSA 5G,12.0
14 Aug 10:29:10,SIM1,-91 dBm,NR NSA 5G,12.0
14 Aug 10:29:12,SIM1,-91 dBm,NR NSA 5G,12.0
14 Aug 10:29:14,SIM1,-90 dBm,NR NSA 5G,12.0
14 Aug 10:29:17,SIM1,-90 dBm,NR NSA 5G,12.0
14 Aug 10:29:19,SIM1,-91 dBm,NR NSA 5G,12.0
14 Aug 10:29:21,SIM1,-91 dBm,NR NSA 5G,12.0
14 Aug 10:29:24,SIM1,-91 dBm,NR NSA 5G,12.0
14 Aug 10:29:26,SIM1,-91 dBm,NR NSA 5G,12.0
14 Aug 10:29:28,SIM1,-91 dBm,NR NSA 5G,12.0
14 Aug 10:29:31,SIM1,-92 dBm,NR NSA 5G,12.0
14 Aug 10:29:33,SIM1,-92 dBm,NR NSA 5G,12.0
14 Aug 10:29:35,SIM1,-91 dBm,NR NSA 5G,12.0
14 Aug 10:29:38,SIM1,-91 dBm,NR NSA 5G,12.0
14 Aug 10:29:40,SIM1,-91 dBm,NR NSA 5G,12.0
14 Aug 10:29:42,SIM1,-91 dBm,NR NSA 5G,12.0
14 Aug 10:29:45,SIM1,-91 dBm,NR NSA 5G,12.0
14 Aug 10:29:47,SIM1,-91 dBm,NR NSA 5G,12.0
14 Aug 10:29:49,SIM1,-90 dBm,NR NSA 5G,12.0
14 Aug 10:29:52,SIM1,-90 dBm,NR NSA 5G,12.0
14 Aug 10:29:54,SIM1,-90 dBm,NR NSA 5G,12.0
14 Aug 10:29:56,SIM1,-91 dBm,NR NSA 5G,12.0
14 Aug 10:29:59,SIM1,-92 dBm,NR NSA 5G,12.0
14 Aug 10:30:01,SIM1,-92 dBm,NR NSA 5G,12.0
14 Aug 10:30:03,SIM1,-92 dBm,NR NSA 5G,12.0
14 Aug 10:30:06,SIM1,-91 dBm,NR NSA 5G,12.0
14 Aug 10:30:08,SIM1,-91 dBm,NR NSA 5G,12.0
14 Aug 10:30:10,SIM1,-91 dBm,NR NSA 5G,12.0
14 Aug 10:30:13,SIM1,-91 dBm,NR NSA 5G,12.0
14 Aug 10:30:15,SIM1,-91 dBm,NR NSA 5G,12.0
14 Aug 10:30:17,SIM1,-91 dBm,NR NSA 5G,12.0
14 Aug 10:57:20,SIM1,-104 dBm,NR NSA 5G,15.0
14 Aug 10:57:23,SIM1,-104 dBm,NR NSA 5G,15.0
14 Aug 10:57:25,SIM1,-104 dBm,NR NSA 5G,15.0
14 Aug 10:57:27,SIM1,-104 dBm,NR NSA 5G,15.0
14 Aug 10:57:30,SIM1,-104 dBm,NR NSA 5G,15.0
14 Aug 10:57:32,SIM1,-104 dBm,NR NSA 5G,15.0
14 Aug 10:57:34,SIM1,-104 dBm,NR NSA 5G,15.0
14 Aug 10:57:37,SIM1,-104 dBm,NR NSA 5G,15.0
14 Aug 10:57:39,SIM1,-104 dBm,NR NSA 5G,15.0
14 Aug 10:57:41,SIM1,-104 dBm,NR NSA 5G,15.0
14 Aug 10:57:44,SIM1,-104 dBm,NR NSA 5G,15.0
14 Aug 10:57:46,SIM1,-104 dBm,NR NSA 5G,15.0
14 Aug 10:57:48,SIM1,-104 dBm,NR NSA 5G,15.0
14 Aug 10:57:51,SIM1,-104 dBm,NR NSA 5G,15.0
14 Aug 10:57:53,SIM1,-104 dBm,NR NSA 5G,15.0
14 Aug 10:57:55,SIM1,-104 dBm,NR NSA 5G,15.0
14 Aug 10:57:58,SIM1,-104 dBm,NR NSA 5G,15.0
14 Aug 10:58:00,SIM1,-104 dBm,NR NSA 5G,15.0
14 Aug 10:58:02,SIM1,-104 dBm,NR NSA 5G,15.0
14 Aug 10:58:05,SIM1,-104 dBm,NR NSA 5G,15.0
14 Aug 10:58:07,SIM1,-104 dBm,NR NSA 5G,15.0
14 Aug 10:58:09,SIM1,-104 dBm,NR NSA 5G,15.0
14 Aug 10:58:12,SIM1,-103 dBm,NR NSA 5G,15.0
14 Aug 10:58:14,SIM1,-103 dBm,NR NSA 5G,15.0
14 Aug 10:58:16,SIM1,-104 dBm,NR NSA 5G,15.0
14 Aug 10:58:19,SIM1,-104 dBm,NR NSA 5G,15.0
14 Aug 10:58:21,SIM1,-104 dBm,NR NSA 5G,15.0
14 Aug 10:58:23,SIM1,-104 dBm,NR NSA 5G,15.0
14 Aug 10:58:26,SIM1,-104 dBm,NR NSA 5G,15.0
14 Aug 10:58:28,SIM1,-104 dBm,NR NSA 5G,15.0
14 Aug 10:58:30,SIM1,-104 dBm,NR NSA 5G,15.0
14 Aug 10:58:33,SIM1,-104 dBm,NR NSA 5G,15.0
14 Aug 10:58:35,SIM1,-104 dBm,NR NSA 5G,15.0
14 Aug 10:58:37,SIM1,-103 dBm,NR NSA 5G,15.0
14 Aug 10:58:40,SIM1,-104 dBm,NR NSA 5G,15.0
14 Aug 10:58:42,SIM1,-104 dBm,NR NSA 5G,15.0
14 Aug 10:58:44,SIM1,-102 dBm,NR NSA 5G,15.0
14 Aug 10:58:47,SIM1,-102 dBm,NR NSA 5G,15.0
14 Aug 10:58:49,SIM1,-104 dBm,NR NSA 5G,15.0
14 Aug 10:58:51,SIM1,-104 dBm,NR NSA 5G,15.0
14 Aug 10:58:54,SIM1,-104 dBm,NR NSA 5G,15.0
14 Aug 10:58:56,SIM1,-104 dBm,NR NSA 5G,15.0
14 Aug 10:58:58,SIM1,-104 dBm,NR NSA 5G,15.0
14 Aug 10:59:01,SIM1,-103 dBm,NR NSA 5G,15.0
14 Aug 10:59:03,SIM1,-103 dBm,NR NSA 5G,15.0
14 Aug 10:59:05,SIM1,-103 dBm,NR NSA 5G,15.0
14 Aug 10:59:08,SIM1,-104 dBm,NR NSA 5G,15.0
14 Aug 10:59:10,SIM1,-104 dBm,NR NSA 5G,15.0
14 Aug 10:59:12,SIM1,-104 dBm,NR NSA 5G,15.0
14 Aug 10:59:15,SIM1,-104 dBm,NR NSA 5G,15.0
14 Aug 10:59:17,SIM1,-104 dBm,NR NSA 5G,15.0
14 Aug 10:59:19,SIM1,-104 dBm,NR NSA 5G,15.0
14 Aug 10:59:22,SIM1,-104 dBm,NR NSA 5G,15.0
14 Aug 10:59:24,SIM1,-104 dBm,NR NSA 5G,15.0
14 Aug 10:59:26,SIM1,-104 dBm,NR NSA 5G,15.0
14 Aug 10:59:29,SIM1,-104 dBm,NR NSA 5G,15.0
14 Aug 10:59:31,SIM1,-104 dBm,NR NSA 5G,15.0
14 Aug 10:59:33,SIM1,-104 dBm,NR NSA 5G,15.0
14 Aug 10:59:36,SIM1,-104 dBm,NR NSA 5G,15.0
14 Aug 10:59:38,SIM1,-103 dBm,NR NSA 5G,15.0
14 Aug 10:59:40,SIM1,-104 dBm,NR NSA 5G,15.0
14 Aug 10:59:43,SIM1,-104 dBm,NR NSA 5G,15.0
14 Aug 10:59:45,SIM1,-104 dBm,NR NSA 5G,15.0
14 Aug 10:59:47,SIM1,-104 dBm,NR NSA 5G,15.0
14 Aug 10:59:49,SIM1,-104 dBm,NR NSA 5G,15.0
14 Aug 10:59:52,SIM1,-104 dBm,NR NSA 5G,15.0
14 Aug 10:59:54,SIM1,-104 dBm,NR NSA 5G,15.0
14 Aug 10:59:57,SIM1,-104 dBm,NR NSA 5G,15.0
14 Aug 10:59:59,SIM1,-104 dBm,NR NSA 5G,15.0
14 Aug 11:00:01,SIM1,-104 dBm,NR NSA 5G,15.0
14 Aug 11:00:03,SIM1,-104 dBm,NR NSA 5G,15.0
14 Aug 11:00:06,SIM1,-104 dBm,NR NSA 5G,15.0
14 Aug 11:00:08,SIM1,-104 dBm,NR NSA 5G,15.0
14 Aug 11:00:10,SIM1,-104 dBm,NR NSA 5G,15.0
14 Aug 11:00:13,SIM1,-104 dBm,NR NSA 5G,15.0
14 Aug 11:00:15,SIM1,-104 dBm,NR NSA 5G,15.0
14 Aug 11:00:17,SIM1,-104 dBm,NR NSA 5G,15.0
14 Aug 11:00:20,SIM1,-104 dBm,NR NSA 5G,15.0
14 Aug 11:00:22,SIM1,-104 dBm,NR NSA 5G,15.0
14 Aug 11:00:24,SIM1,-104 dBm,NR NSA 5G,15.0
14 Aug 11:00:27,SIM1,-104 dBm,NR NSA 5G,15.0
14 Aug 11:00:29,SIM1,-104 dBm,NR NSA 5G,15.0
14 Aug 11:00:31,SIM1,-104 dBm,NR NSA 5G,15.0
14 Aug 11:00:34,SIM1,-104 dBm,NR NSA 5G,15.0
14 Aug 11:00:36,SIM1,-104 dBm,NR NSA 5G,15.0
14 Aug 11:00:38,SIM1,-104 dBm,NR NSA 5G,15.0
14 Aug 11:00:41,SIM1,-104 dBm,NR NSA 5G,15.0
14 Aug 11:00:43,SIM1,-104 dBm,NR NSA 5G,15.0
14 Aug 11:00:45,SIM1,-104 dBm,NR NSA 5G,15.0
14 Aug 11:00:48,SIM1,-104 dBm,NR NSA 5G,15.0
14 Aug 11:00:50,SIM1,-104 dBm,NR NSA 5G,15.0
14 Aug 11:00:52,SIM1,-104 dBm,NR NSA 5G,15.0
14 Aug 11:00:55,SIM1,-104 dBm,NR NSA 5G,15.0
14 Aug 11:00:57,SIM1,-104 dBm,NR NSA 5G,15.0
14 Aug 11:00:59,SIM1,-104 dBm,NR NSA 5G,15.0
14 Aug 11:01:02,SIM1,-104 dBm,NR NSA 5G,15.0
14 Aug 11:01:04,SIM1,-104 dBm,NR NSA 5G,15.0
14 Aug 11:01:06,SIM1,-104 dBm,NR NSA 5G,15.0
14 Aug 11:01:09,SIM1,-104 dBm,NR NSA 5G,15.0
14 Aug 11:01:11,SIM1,-104 dBm,NR NSA 5G,15.0
14 Aug 13:04:50,SIM1,-126 dBm,NR NSA 5G,18.0
14 Aug 13:04:52,SIM1,-126 dBm,NR NSA 5G,18.0
14 Aug 13:04:54,SIM1,-125 dBm,NR NSA 5G,18.0
14 Aug 13:04:57,SIM1,-124 dBm,NR NSA 5G,18.0
14 Aug 13:04:59,SIM1,-124 dBm,NR NSA 5G,18.0
14 Aug 13:05:01,SIM1,-124 dBm,NR NSA 5G,18.0
14 Aug 13:05:03,SIM1,-124 dBm,NR NSA 5G,18.0
14 Aug 13:05:06,SIM1,-124 dBm,NR NSA 5G,18.0
14 Aug 13:05:08,SIM1,-125 dBm,NR NSA 5G,18.0
14 Aug 13:05:10,SIM1,-125 dBm,NR NSA 5G,18.0
14 Aug 13:05:13,SIM1,-124 dBm,NR NSA 5G,18.0
14 Aug 13:05:15,SIM1,-124 dBm,NR NSA 5G,18.0
14 Aug 13:05:17,SIM1,-124 dBm,NR NSA 5G,18.0
14 Aug 13:05:20,SIM1,-124 dBm,NR NSA 5G,18.0
14 Aug 13:05:22,SIM1,-124 dBm,NR NSA 5G,18.0
14 Aug 13:05:24,SIM1,-125 dBm,NR NSA 5G,18.0
14 Aug 13:05:27,SIM1,-126 dBm,NR NSA 5G,18.0
14 Aug 13:05:29,SIM1,-125 dBm,NR NSA 5G,18.0
14 Aug 13:05:31,SIM1,-125 dBm,NR NSA 5G,18.0
14 Aug 13:05:34,SIM1,-124 dBm,NR NSA 5G,18.0
14 Aug 13:05:36,SIM1,-123 dBm,NR NSA 5G,18.0
14 Aug 13:05:38,SIM1,-123 dBm,NR NSA 5G,18.0
14 Aug 13:05:41,SIM1,-123 dBm,NR NSA 5G,18.0
14 Aug 13:05:43,SIM1,-124 dBm,NR NSA 5G,18.0
14 Aug 13:05:45,SIM1,-125 dBm,NR NSA 5G,18.0
14 Aug 13:05:48,SIM1,-125 dBm,NR NSA 5G,18.0
14 Aug 13:05:50,SIM1,-124 dBm,NR NSA 5G,18.0
14 Aug 13:05:52,SIM1,-124 dBm,NR NSA 5G,18.0
14 Aug 13:05:55,SIM1,-124 dBm,NR NSA 5G,18.0
14 Aug 13:05:57,SIM1,-124 dBm,NR NSA 5G,18.0
14 Aug 13:05:59,SIM1,-124 dBm,NR NSA 5G,18.0
14 Aug 13:06:02,SIM1,-124 dBm,NR NSA 5G,18.0
14 Aug 13:06:04,SIM1,-124 dBm,NR NSA 5G,18.0
14 Aug 13:06:06,SIM1,-124 dBm,NR NSA 5G,18.0
14 Aug 13:06:09,SIM1,-124 dBm,NR NSA 5G,18.0
14 Aug 13:06:11,SIM1,-124 dBm,NR NSA 5G,18.0
14 Aug 13:06:13,SIM1,-124 dBm,NR NSA 5G,18.0
14 Aug 13:06:16,SIM1,-124 dBm,NR NSA 5G,18.0
14 Aug 13:06:18,SIM1,-124 dBm,NR NSA 5G,18.0
14 Aug 13:06:20,SIM1,-124 dBm,NR NSA 5G,18.0
14 Aug 13:06:23,SIM1,-124 dBm,NR NSA 5G,18.0
14 Aug 13:06:25,SIM1,-124 dBm,NR NSA 5G,18.0
14 Aug 13:06:27,SIM1,-124 dBm,NR NSA 5G,18.0
14 Aug 13:06:30,SIM1,-124 dBm,NR NSA 5G,18.0
14 Aug 13:06:32,SIM1,-125 dBm,NR NSA 5G,18.0
14 Aug 13:06:34,SIM1,-125 dBm,NR NSA 5G,18.0
14 Aug 13:06:36,SIM1,-125 dBm,NR NSA 5G,18.0
14 Aug 13:06:39,SIM1,-125 dBm,NR NSA 5G,18.0
14 Aug 13:06:41,SIM1,-125 dBm,NR NSA 5G,18.0
14 Aug 13:06:43,SIM1,-125 dBm,NR NSA 5G,18.0
14 Aug 13:06:46,SIM1,-125 dBm,NR NSA 5G,18.0
14 Aug 13:06:48,SIM1,-124 dBm,NR NSA 5G,18.0
14 Aug 13:06:50,SIM1,-125 dBm,NR NSA 5G,18.0
14 Aug 13:06:53,SIM1,-125 dBm,NR NSA 5G,18.0
14 Aug 13:06:55,SIM1,-125 dBm,NR NSA 5G,18.0
14 Aug 13:06:57,SIM1,-125 dBm,NR NSA 5G,18.0
14 Aug 13:07:00,SIM1,-124 dBm,NR NSA 5G,18.0
14 Aug 13:07:02,SIM1,-124 dBm,NR NSA 5G,18.0
14 Aug 13:07:04,SIM1,-124 dBm,NR NSA 5G,18.0
14 Aug 13:07:07,SIM1,-124 dBm,NR NSA 5G,18.0
14 Aug 13:07:09,SIM1,-125 dBm,NR NSA 5G,18.0
14 Aug 13:07:11,SIM1,-124 dBm,NR NSA 5G,18.0
14 Aug 13:07:14,SIM1,-124 dBm,NR NSA 5G,18.0
14 Aug 13:07:16,SIM1,-124 dBm,NR NSA 5G,18.0
14 Aug 13:07:18,SIM1,-124 dBm,NR NSA 5G,18.0
14 Aug 13:07:21,SIM1,-124 dBm,NR NSA 5G,18.0
14 Aug 13:07:23,SIM1,-124 dBm,NR NSA 5G,18.0
14 Aug 13:07:25,SIM1,-124 dBm,NR NSA 5G,18.0
14 Aug 13:07:28,SIM1,-124 dBm,NR NSA 5G,18.0
14 Aug 13:07:30,SIM1,-124 dBm,NR NSA 5G,18.0
14 Aug 13:07:32,SIM1,-124 dBm,NR NSA 5G,18.0
14 Aug 13:07:35,SIM1,-124 dBm,NR NSA 5G,18.0
14 Aug 13:07:37,SIM1,-124 dBm,NR NSA 5G,18.0
14 Aug 13:07:39,SIM1,-124 dBm,NR NSA 5G,18.0
14 Aug 13:07:42,SIM1,-124 dBm,NR NSA 5G,18.0
14 Aug 13:07:44,SIM1,-124 dBm,NR NSA 5G,18.0
14 Aug 13:07:46,SIM1,-124 dBm,NR NSA 5G,18.0
14 Aug 13:07:49,SIM1,-124 dBm,NR NSA 5G,18.0
14 Aug 13:07:51,SIM1,-124 dBm,NR NSA 5G,18.0
14 Aug 13:07:53,SIM1,-124 dBm,NR NSA 5G,18.0
14 Aug 13:07:56,SIM1,-124 dBm,NR NSA 5G,18.0
14 Aug 13:07:58,SIM1,-124 dBm,NR NSA 5G,18.0
14 Aug 13:08:00,SIM1,-124 dBm,NR NSA 5G,18.0
14 Aug 13:08:03,SIM1,-124 dBm,NR NSA 5G,18.0
14 Aug 13:08:05,SIM1,-124 dBm,NR NSA 5G,18.0
14 Aug 13:08:07,SIM1,-124 dBm,NR NSA 5G,18.0
14 Aug 13:08:10,SIM1,-123 dBm,NR NSA 5G,18.0
14 Aug 13:08:12,SIM1,-123 dBm,NR NSA 5G,18.0
14 Aug 13:08:14,SIM1,-124 dBm,NR NSA 5G,18.0
14 Aug 13:08:17,SIM1,-124 dBm,NR NSA 5G,18.0
14 Aug 13:08:19,SIM1,-124 dBm,NR NSA 5G,18.0
14 Aug 13:08:21,SIM1,-124 dBm,NR NSA 5G,18.0
14 Aug 13:08:24,SIM1,-124 dBm,NR NSA 5G,18.0
14 Aug 13:08:26,SIM1,-124 dBm,NR NSA 5G,18.0
14 Aug 13:08:28,SIM1,-124 dBm,NR NSA 5G,18.0
14 Aug 13:08:31,SIM1,-124 dBm,NR NSA 5G,18.0
14 Aug 13:08:33,SIM1,-124 dBm,NR NSA 5G,18.0
14 Aug 13:08:35,SIM1,-124 dBm,NR NSA 5G,18.0
14 Aug 13:08:38,SIM1,-124 dBm,NR NSA 5G,18.0
14 Aug 13:08:40,SIM1,-124 dBm,NR NSA 5G,18.0